Browse Species,Consumed,Session,Sequence,ID,Date,Weather,Leaves,Avoid
Eugenia,47,1.1,1,Malaka,23/8/22,Cloudy,Fresh,1
Ficus,0,1.1,1,Malaka,23/8/22,Cloudy,Fresh,1
Hibiscus,0,1.1,1,Malaka,23/8/22,Cloudy,Fresh,1
Ketapung,9,1.1,1,Malaka,23/8/22,Cloudy,Fresh,1
Mango,0,1.1,1,Malaka,23/8/22,Cloudy,Fresh,1
Miracle,0,1.1,1,Malaka,23/8/22,Cloudy,Fresh,1
Mulberry,0,1.1,1,Malaka,23/8/22,Cloudy,Fresh,1
Saga,0,1.1,1,Malaka,23/8/22,Cloudy,Fresh,1
NV,1,1.1,1,Malaka,23/8/22,Cloudy,Fresh,1
Eugenia,0,1.1,2,Sayang,23/8/22,Cloudy,Fresh,1
Ficus,0,1.1,2,Sayang,23/8/22,Cloudy,Fresh,1
Hibiscus,0,1.1,2,Sayang,23/8/22,Cloudy,Fresh,1
Ketapung,3,1.1,2,Sayang,23/8/22,Cloudy,Fresh,1
Mango,0,1.1,2,Sayang,23/8/22,Cloudy,Fresh,1
Miracle,0,1.1,2,Sayang,23/8/22,Cloudy,Fresh,1
Mulberry,9,1.1,2,Sayang,23/8/22,Cloudy,Fresh,1
Saga,0,1.1,2,Sayang,23/8/22,Cloudy,Fresh,1
NV,0,1.1,2,Sayang,23/8/22,Cloudy,Fresh,1
Eugenia,12,1.1,3,Anggun,23/8/22,Cloudy,Fresh,1
Ficus,4,1.1,3,Anggun,23/8/22,Cloudy,Fresh,1
Hibiscus,0,1.1,3,Anggun,23/8/22,Cloudy,Fresh,1
Ketapung,6,1.1,3,Anggun,23/8/22,Cloudy,Fresh,1
Mango,1,1.1,3,Anggun,23/8/22,Cloudy,Fresh,1
Miracle,0,1.1,3,Anggun,23/8/22,Cloudy,Fresh,1
Mulberry,0,1.1,3,Anggun,23/8/22,Cloudy,Fresh,1
Saga,1,1.1,3,Anggun,23/8/22,Cloudy,Fresh,1
NV,0,1.1,3,Anggun,23/8/22,Cloudy,Fresh,1
Eugenia,0,1.2,1,Sayang,24/8/22,Sunny,Fresh,1
Ficus,0,1.2,1,Sayang,24/8/22,Sunny,Fresh,1
Hibiscus,0,1.2,1,Sayang,24/8/22,Sunny,Fresh,1
Ketapung,16,1.2,1,Sayang,24/8/22,Sunny,Fresh,1
Khaya,0,1.2,1,Sayang,24/8/22,Sunny,Fresh,1
Mango,0,1.2,1,Sayang,24/8/22,Sunny,Fresh,1
Miracle,0,1.2,1,Sayang,24/8/22,Sunny,Fresh,1
Mulberry,0,1.2,1,Sayang,24/8/22,Sunny,Fresh,1
Raintree,0,1.2,1,Sayang,24/8/22,Sunny,Fresh,1
Saga,0,1.2,1,Sayang,24/8/22,Sunny,Fresh,1
NV,0,1.2,1,Sayang,24/8/22,Sunny,Fresh,1
Eugenia,0,1.2,2,Wendy,24/8/22,Sunny,Fresh,1
Ficus,5,1.2,2,Wendy,24/8/22,Sunny,Fresh,1
Hibiscus,0,1.2,2,Wendy,24/8/22,Sunny,Fresh,1
Ketapung,11,1.2,2,Wendy,24/8/22,Sunny,Fresh,1
Khaya,0,1.2,2,Wendy,24/8/22,Sunny,Fresh,1
Mango,12,1.2,2,Wendy,24/8/22,Sunny,Fresh,1
Miracle,0,1.2,2,Wendy,24/8/22,Sunny,Fresh,1
Mulberry,0,1.2,2,Wendy,24/8/22,Sunny,Fresh,1
Raintree,6,1.2,2,Wendy,24/8/22,Sunny,Fresh,1
Saga,0,1.2,2,Wendy,24/8/22,Sunny,Fresh,1
NV,0,1.2,2,Wendy,24/8/22,Sunny,Fresh,1
Eugenia,0,1.2,3,Jeff,24/8/22,Sunny,Fresh,1
Ficus,0,1.2,3,Jeff,24/8/22,Sunny,Fresh,1
Hibiscus,1,1.2,3,Jeff,24/8/22,Sunny,Fresh,1
Ketapung,1,1.2,3,Jeff,24/8/22,Sunny,Fresh,1
Khaya,0,1.2,3,Jeff,24/8/22,Sunny,Fresh,1
Mango,0,1.2,3,Jeff,24/8/22,Sunny,Fresh,1
Miracle,0,1.2,3,Jeff,24/8/22,Sunny,Fresh,1
Mulberry,0,1.2,3,Jeff,24/8/22,Sunny,Fresh,1
Raintree,0,1.2,3,Jeff,24/8/22,Sunny,Fresh,1
Saga,0,1.2,3,Jeff,24/8/22,Sunny,Fresh,1
NV,0,1.2,3,Jeff,24/8/22,Sunny,Fresh,1
Belimbing,0,1.3,1,Anggun,25/8/22,Sunny,Fresh,3
Eugenia,4,1.3,1,Anggun,25/8/22,Sunny,Fresh,3
Ficus,0,1.3,1,Anggun,25/8/22,Sunny,Fresh,3
Hibiscus,0,1.3,1,Anggun,25/8/22,Sunny,Fresh,3
Ketapung,0,1.3,1,Anggun,25/8/22,Sunny,Fresh,3
Khaya,0,1.3,1,Anggun,25/8/22,Sunny,Fresh,3
Malayan.Cherry,0,1.3,1,Anggun,25/8/22,Sunny,Fresh,3
Mango,0,1.3,1,Anggun,25/8/22,Sunny,Fresh,3
Miracle,11,1.3,1,Anggun,25/8/22,Sunny,Fresh,3
Raintree,8,1.3,1,Anggun,25/8/22,Sunny,Fresh,3
Saga,13,1.3,1,Anggun,25/8/22,Sunny,Fresh,3
NV,5,1.3,1,Anggun,25/8/22,Sunny,Fresh,3
Belimbing,0,1.3,2,Kejora,25/8/22,Sunny,Fresh,3
Eugenia,0,1.3,2,Kejora,25/8/22,Sunny,Fresh,3
Ficus,0,1.3,2,Kejora,25/8/22,Sunny,Fresh,3
Hibiscus,0,1.3,2,Kejora,25/8/22,Sunny,Fresh,3
Ketapung,0,1.3,2,Kejora,25/8/22,Sunny,Fresh,3
Khaya,0,1.3,2,Kejora,25/8/22,Sunny,Fresh,3
Malayan.Cherry,0,1.3,2,Kejora,25/8/22,Sunny,Fresh,3
Mango,1,1.3,2,Kejora,25/8/22,Sunny,Fresh,3
Miracle,12,1.3,2,Kejora,25/8/22,Sunny,Fresh,3
Raintree,2,1.3,2,Kejora,25/8/22,Sunny,Fresh,3
Saga,1,1.3,2,Kejora,25/8/22,Sunny,Fresh,3
NV,2,1.3,2,Kejora,25/8/22,Sunny,Fresh,3
Belimbing,0,1.3,3,Sakti,25/8/22,Sunny,Fresh,3
Eugenia,5,1.3,3,Sakti,25/8/22,Sunny,Fresh,3
Ficus,0,1.3,3,Sakti,25/8/22,Sunny,Fresh,3
Hibiscus,0,1.3,3,Sakti,25/8/22,Sunny,Fresh,3
Ketapung,0,1.3,3,Sakti,25/8/22,Sunny,Fresh,3
Khaya,4,1.3,3,Sakti,25/8/22,Sunny,Fresh,3
Malayan.Cherry,8,1.3,3,Sakti,25/8/22,Sunny,Fresh,3
Mango,0,1.3,3,Sakti,25/8/22,Sunny,Fresh,3
Miracle,0,1.3,3,Sakti,25/8/22,Sunny,Fresh,3
Raintree,2,1.3,3,Sakti,25/8/22,Sunny,Fresh,3
Saga,0,1.3,3,Sakti,25/8/22,Sunny,Fresh,3
NV,0,1.3,3,Sakti,25/8/22,Sunny,Fresh,3
Eugenia,0,1.4,1,Jeff,26/8/22,Raining,Fresh,2
Ficus,0,1.4,1,Jeff,26/8/22,Raining,Fresh,2
Hibiscus,0,1.4,1,Jeff,26/8/22,Raining,Fresh,2
Ketapung,6,1.4,1,Jeff,26/8/22,Raining,Fresh,2
Lobi,0,1.4,1,Jeff,26/8/22,Raining,Fresh,2
Mango,4,1.4,1,Jeff,26/8/22,Raining,Fresh,2
Miracle,10,1.4,1,Jeff,26/8/22,Raining,Fresh,2
Mulberry,0,1.4,1,Jeff,26/8/22,Raining,Fresh,2
Raintree,0,1.4,1,Jeff,26/8/22,Raining,Fresh,2
Saga,0,1.4,1,Jeff,26/8/22,Raining,Fresh,2
NV,3,1.4,1,Jeff,26/8/22,Raining,Fresh,2
Eugenia,2,1.4,2,Sakti,26/8/22,Raining,Fresh,2
Ficus,0,1.4,2,Sakti,26/8/22,Raining,Fresh,2
Hibiscus,0,1.4,2,Sakti,26/8/22,Raining,Fresh,2
Ketapung,14,1.4,2,Sakti,26/8/22,Raining,Fresh,2
Lobi,0,1.4,2,Sakti,26/8/22,Raining,Fresh,2
Mango,0,1.4,2,Sakti,26/8/22,Raining,Fresh,2
Miracle,0,1.4,2,Sakti,26/8/22,Raining,Fresh,2
Mulberry,0,1.4,2,Sakti,26/8/22,Raining,Fresh,2
Raintree,0,1.4,2,Sakti,26/8/22,Raining,Fresh,2
Saga,1,1.4,2,Sakti,26/8/22,Raining,Fresh,2
NV,0,1.4,2,Sakti,26/8/22,Raining,Fresh,2
Eugenia,7,1.4,3,Malaka,26/8/22,Raining,Fresh,2
Ficus,0,1.4,3,Malaka,26/8/22,Raining,Fresh,2
Hibiscus,0,1.4,3,Malaka,26/8/22,Raining,Fresh,2
Ketapung,11,1.4,3,Malaka,26/8/22,Raining,Fresh,2
Lobi,0,1.4,3,Malaka,26/8/22,Raining,Fresh,2
Mango,16,1.4,3,Malaka,26/8/22,Raining,Fresh,2
Miracle,15,1.4,3,Malaka,26/8/22,Raining,Fresh,2
Mulberry,0,1.4,3,Malaka,26/8/22,Raining,Fresh,2
Raintree,3,1.4,3,Malaka,26/8/22,Raining,Fresh,2
Saga,31,1.4,3,Malaka,26/8/22,Raining,Fresh,2
NV,1,1.4,3,Malaka,26/8/22,Raining,Fresh,2
Asam.Jawa,0,1.5,1,Kejora,30/8/22,Raining,Fresh,2
Belimbing,0,1.5,1,Kejora,30/8/22,Raining,Fresh,2
Eugenia,0,1.5,1,Kejora,30/8/22,Raining,Fresh,2
Ficus,0,1.5,1,Kejora,30/8/22,Raining,Fresh,2
Ketapung,4,1.5,1,Kejora,30/8/22,Raining,Fresh,2
Miracle,38,1.5,1,Kejora,30/8/22,Raining,Fresh,2
Mulberry,0,1.5,1,Kejora,30/8/22,Raining,Fresh,2
Raintree,0,1.5,1,Kejora,30/8/22,Raining,Fresh,2
Saga,0,1.5,1,Kejora,30/8/22,Raining,Fresh,2
NV,4,1.5,1,Kejora,30/8/22,Raining,Fresh,2
Asam.Jawa,0,1.5,2,Jeff,30/8/22,Raining,Fresh,2
Belimbing,0,1.5,2,Jeff,30/8/22,Raining,Fresh,2
Eugenia,0,1.5,2,Jeff,30/8/22,Raining,Fresh,2
Ficus,0,1.5,2,Jeff,30/8/22,Raining,Fresh,2
Ketapung,13,1.5,2,Jeff,30/8/22,Raining,Fresh,2
Miracle,9,1.5,2,Jeff,30/8/22,Raining,Fresh,2
Mulberry,0,1.5,2,Jeff,30/8/22,Raining,Fresh,2
Raintree,0,1.5,2,Jeff,30/8/22,Raining,Fresh,2
Saga,0,1.5,2,Jeff,30/8/22,Raining,Fresh,2
NV,2,1.5,2,Jeff,30/8/22,Raining,Fresh,2
Asam.Jawa,0,1.5,3,Wendy,30/8/22,Raining,Fresh,2
Belimbing,0,1.5,3,Wendy,30/8/22,Raining,Fresh,2
Eugenia,8,1.5,3,Wendy,30/8/22,Raining,Fresh,2
Ficus,0,1.5,3,Wendy,30/8/22,Raining,Fresh,2
Ketapung,20,1.5,3,Wendy,30/8/22,Raining,Fresh,2
Miracle,2,1.5,3,Wendy,30/8/22,Raining,Fresh,2
Mulberry,0,1.5,3,Wendy,30/8/22,Raining,Fresh,2
Raintree,21,1.5,3,Wendy,30/8/22,Raining,Fresh,2
Saga,0,1.5,3,Wendy,30/8/22,Raining,Fresh,2
NV,3,1.5,3,Wendy,30/8/22,Raining,Fresh,2
Asam.Jawa,0,1.6,1,Sakti,31/8/22,Cloudy,Fresh,3
Eugenia,2,1.6,1,Sakti,31/8/22,Cloudy,Fresh,3
Ficus,0,1.6,1,Sakti,31/8/22,Cloudy,Fresh,3
Hibiscus,0,1.6,1,Sakti,31/8/22,Cloudy,Fresh,3
Ketapung,16,1.6,1,Sakti,31/8/22,Cloudy,Fresh,3
Malayan.Cherry,0,1.6,1,Sakti,31/8/22,Cloudy,Fresh,3
Mango,10,1.6,1,Sakti,31/8/22,Cloudy,Fresh,3
Miracle,0,1.6,1,Sakti,31/8/22,Cloudy,Fresh,3
Mulberry,0,1.6,1,Sakti,31/8/22,Cloudy,Fresh,3
Raintree,0,1.6,1,Sakti,31/8/22,Cloudy,Fresh,3
Saga,0,1.6,1,Sakti,31/8/22,Cloudy,Fresh,3
NV,1,1.6,1,Sakti,31/8/22,Cloudy,Fresh,3
Asam.Jawa,0,1.6,2,Malaka,31/8/22,Cloudy,Fresh,3
Eugenia,13,1.6,2,Malaka,31/8/22,Cloudy,Fresh,3
Ficus,1,1.6,2,Malaka,31/8/22,Cloudy,Fresh,3
Hibiscus,1,1.6,2,Malaka,31/8/22,Cloudy,Fresh,3
Ketapung,1,1.6,2,Malaka,31/8/22,Cloudy,Fresh,3
Malayan.Cherry,0,1.6,2,Malaka,31/8/22,Cloudy,Fresh,3
Mango,0,1.6,2,Malaka,31/8/22,Cloudy,Fresh,3
Miracle,2,1.6,2,Malaka,31/8/22,Cloudy,Fresh,3
Mulberry,0,1.6,2,Malaka,31/8/22,Cloudy,Fresh,3
Raintree,0,1.6,2,Malaka,31/8/22,Cloudy,Fresh,3
Saga,0,1.6,2,Malaka,31/8/22,Cloudy,Fresh,3
NV,3,1.6,2,Malaka,31/8/22,Cloudy,Fresh,3
Asam.Jawa,0,1.6,3,Sayang,31/8/22,Cloudy,Fresh,3
Eugenia,0,1.6,3,Sayang,31/8/22,Cloudy,Fresh,3
Ficus,0,1.6,3,Sayang,31/8/22,Cloudy,Fresh,3
Hibiscus,0,1.6,3,Sayang,31/8/22,Cloudy,Fresh,3
Ketapung,0,1.6,3,Sayang,31/8/22,Cloudy,Fresh,3
Malayan.Cherry,1,1.6,3,Sayang,31/8/22,Cloudy,Fresh,3
Mango,0,1.6,3,Sayang,31/8/22,Cloudy,Fresh,3
Miracle,0,1.6,3,Sayang,31/8/22,Cloudy,Fresh,3
Mulberry,5,1.6,3,Sayang,31/8/22,Cloudy,Fresh,3
Raintree,10,1.6,3,Sayang,31/8/22,Cloudy,Fresh,3
Saga,0,1.6,3,Sayang,31/8/22,Cloudy,Fresh,3
NV,0,1.6,3,Sayang,31/8/22,Cloudy,Fresh,3
Acacia,1,1.7,1,Wendy,9/1/22,Sunny,Fresh,7
Angsana,0,1.7,1,Wendy,9/1/22,Sunny,Fresh,7
Asam.Jawa,0,1.7,1,Wendy,9/1/22,Sunny,Fresh,7
Belimbing,0,1.7,1,Wendy,9/1/22,Sunny,Fresh,7
Cinnamon,0,1.7,1,Wendy,9/1/22,Sunny,Fresh,7
Eugenia,0,1.7,1,Wendy,9/1/22,Sunny,Fresh,7
Ficus,0,1.7,1,Wendy,9/1/22,Sunny,Fresh,7
Hibiscus,1,1.7,1,Wendy,9/1/22,Sunny,Fresh,7
Ketapung,8,1.7,1,Wendy,9/1/22,Sunny,Fresh,7
Lobi,5,1.7,1,Wendy,9/1/22,Sunny,Fresh,7
Madras.Thorn,4,1.7,1,Wendy,9/1/22,Sunny,Fresh,7
Malayan.Cherry,0,1.7,1,Wendy,9/1/22,Sunny,Fresh,7
Miracle,2,1.7,1,Wendy,9/1/22,Sunny,Fresh,7
Mulberry,0,1.7,1,Wendy,9/1/22,Sunny,Fresh,7
Raintree,0,1.7,1,Wendy,9/1/22,Sunny,Fresh,7
Saga,0,1.7,1,Wendy,9/1/22,Sunny,Fresh,7
NV,2,1.7,1,Wendy,9/1/22,Sunny,Fresh,7
Acacia,0,1.7,2,Anggun,9/1/22,Sunny,Fresh,7
Angsana,0,1.7,2,Anggun,9/1/22,Sunny,Fresh,7
Asam.Jawa,0,1.7,2,Anggun,9/1/22,Sunny,Fresh,7
Belimbing,0,1.7,2,Anggun,9/1/22,Sunny,Fresh,7
Cinnamon,0,1.7,2,Anggun,9/1/22,Sunny,Fresh,7
Eugenia,0,1.7,2,Anggun,9/1/22,Sunny,Fresh,7
Ficus,0,1.7,2,Anggun,9/1/22,Sunny,Fresh,7
Hibiscus,0,1.7,2,Anggun,9/1/22,Sunny,Fresh,7
Ketapung,1,1.7,2,Anggun,9/1/22,Sunny,Fresh,7
Lobi,3,1.7,2,Anggun,9/1/22,Sunny,Fresh,7
Madras.Thorn,3,1.7,2,Anggun,9/1/22,Sunny,Fresh,7
Malayan.Cherry,0,1.7,2,Anggun,9/1/22,Sunny,Fresh,7
Miracle,0,1.7,2,Anggun,9/1/22,Sunny,Fresh,7
Mulberry,3,1.7,2,Anggun,9/1/22,Sunny,Fresh,7
Raintree,5,1.7,2,Anggun,9/1/22,Sunny,Fresh,7
Saga,0,1.7,2,Anggun,9/1/22,Sunny,Fresh,7
NV,4,1.7,2,Anggun,9/1/22,Sunny,Fresh,7
Acacia,0,1.7,3,Kejora,9/1/22,Sunny,Fresh,7
Angsana,1,1.7,3,Kejora,9/1/22,Sunny,Fresh,7
Asam.Jawa,0,1.7,3,Kejora,9/1/22,Sunny,Fresh,7
Belimbing,0,1.7,3,Kejora,9/1/22,Sunny,Fresh,7
Cinnamon,0,1.7,3,Kejora,9/1/22,Sunny,Fresh,7
Eugenia,0,1.7,3,Kejora,9/1/22,Sunny,Fresh,7
Ficus,0,1.7,3,Kejora,9/1/22,Sunny,Fresh,7
Hibiscus,0,1.7,3,Kejora,9/1/22,Sunny,Fresh,7
Ketapung,0,1.7,3,Kejora,9/1/22,Sunny,Fresh,7
Lobi,2,1.7,3,Kejora,9/1/22,Sunny,Fresh,7
Madras.Thorn,1,1.7,3,Kejora,9/1/22,Sunny,Fresh,7
Malayan.Cherry,2,1.7,3,Kejora,9/1/22,Sunny,Fresh,7
Miracle,2,1.7,3,Kejora,9/1/22,Sunny,Fresh,7
Mulberry,0,1.7,3,Kejora,9/1/22,Sunny,Fresh,7
Raintree,0,1.7,3,Kejora,9/1/22,Sunny,Fresh,7
Saga,0,1.7,3,Kejora,9/1/22,Sunny,Fresh,7
NV,6,1.7,3,Kejora,9/1/22,Sunny,Fresh,7
Acacia,0,2.1,1,Malaka,9/2/22,Cloudy,Fresh,3
Eugenia,0,2.1,1,Malaka,9/2/22,Cloudy,Fresh,3
Ficus,0,2.1,1,Malaka,9/2/22,Cloudy,Fresh,3
Hibiscus,2,2.1,1,Malaka,9/2/22,Cloudy,Fresh,3
Jambu,0,2.1,1,Malaka,9/2/22,Cloudy,Fresh,3
Ketapung,0,2.1,1,Malaka,9/2/22,Cloudy,Fresh,3
Miracle,10,2.1,1,Malaka,9/2/22,Cloudy,Fresh,3
Mulberry,0,2.1,1,Malaka,9/2/22,Cloudy,Fresh,3
Raintree,13,2.1,1,Malaka,9/2/22,Cloudy,Fresh,3
Saga,29,2.1,1,Malaka,9/2/22,Cloudy,Fresh,3
NV,0,2.1,1,Malaka,9/2/22,Cloudy,Fresh,3
Acacia,0,2.1,2,Sayang,9/2/22,Cloudy,Fresh,3
Eugenia,0,2.1,2,Sayang,9/2/22,Cloudy,Fresh,3
Ficus,0,2.1,2,Sayang,9/2/22,Cloudy,Fresh,3
Hibiscus,0,2.1,2,Sayang,9/2/22,Cloudy,Fresh,3
Jambu,0,2.1,2,Sayang,9/2/22,Cloudy,Fresh,3
Ketapung,0,2.1,2,Sayang,9/2/22,Cloudy,Fresh,3
Miracle,13,2.1,2,Sayang,9/2/22,Cloudy,Fresh,3
Mulberry,6,2.1,2,Sayang,9/2/22,Cloudy,Fresh,3
Raintree,8,2.1,2,Sayang,9/2/22,Cloudy,Fresh,3
Saga,0,2.1,2,Sayang,9/2/22,Cloudy,Fresh,3
NV,0,2.1,2,Sayang,9/2/22,Cloudy,Fresh,3
Acacia,0,2.1,3,Anggun,9/2/22,Cloudy,Fresh,3
Eugenia,0,2.1,3,Anggun,9/2/22,Cloudy,Fresh,3
Ficus,0,2.1,3,Anggun,9/2/22,Cloudy,Fresh,3
Hibiscus,3,2.1,3,Anggun,9/2/22,Cloudy,Fresh,3
Jambu,0,2.1,3,Anggun,9/2/22,Cloudy,Fresh,3
Ketapung,0,2.1,3,Anggun,9/2/22,Cloudy,Fresh,3
Miracle,18,2.1,3,Anggun,9/2/22,Cloudy,Fresh,3
Mulberry,0,2.1,3,Anggun,9/2/22,Cloudy,Fresh,3
Raintree,2,2.1,3,Anggun,9/2/22,Cloudy,Fresh,3
Saga,0,2.1,3,Anggun,9/2/22,Cloudy,Fresh,3
NV,0,2.1,3,Anggun,9/2/22,Cloudy,Fresh,3
Belimbing,0,2.2,1,Sayang,9/6/22,Sunny,Fresh,1
Cinnamon,33,2.2,1,Sayang,9/6/22,Sunny,Fresh,1
Ficus,0,2.2,1,Sayang,9/6/22,Sunny,Fresh,1
Ketapung,0,2.2,1,Sayang,9/6/22,Sunny,Fresh,1
Miracle,0,2.2,1,Sayang,9/6/22,Sunny,Fresh,1
Mulberry,2,2.2,1,Sayang,9/6/22,Sunny,Fresh,1
Saga,0,2.2,1,Sayang,9/6/22,Sunny,Fresh,1
Starfruit,0,2.2,1,Sayang,9/6/22,Sunny,Fresh,1
NV,0,2.2,1,Sayang,9/6/22,Sunny,Fresh,1
Belimbing,0,2.2,2,Wendy,9/6/22,Sunny,Fresh,1
Cinnamon,12,2.2,2,Wendy,9/6/22,Sunny,Fresh,1
Ficus,0,2.2,2,Wendy,9/6/22,Sunny,Fresh,1
Ketapung,3,2.2,2,Wendy,9/6/22,Sunny,Fresh,1
Miracle,43,2.2,2,Wendy,9/6/22,Sunny,Fresh,1
Mulberry,0,2.2,2,Wendy,9/6/22,Sunny,Fresh,1
Saga,14,2.2,2,Wendy,9/6/22,Sunny,Fresh,1
Starfruit,0,2.2,2,Wendy,9/6/22,Sunny,Fresh,1
NV,1,2.2,2,Wendy,9/6/22,Sunny,Fresh,1
Belimbing,0,2.2,3,Kejora,9/6/22,Sunny,Fresh,1
Cinnamon,4,2.2,3,Kejora,9/6/22,Sunny,Fresh,1
Ficus,0,2.2,3,Kejora,9/6/22,Sunny,Fresh,1
Ketapung,0,2.2,3,Kejora,9/6/22,Sunny,Fresh,1
Miracle,0,2.2,3,Kejora,9/6/22,Sunny,Fresh,1
Mulberry,0,2.2,3,Kejora,9/6/22,Sunny,Fresh,1
Saga,0,2.2,3,Kejora,9/6/22,Sunny,Fresh,1
Starfruit,0,2.2,3,Kejora,9/6/22,Sunny,Fresh,1
NV,1,2.2,3,Kejora,9/6/22,Sunny,Fresh,1
Angsana,1,2.3,1,Anggun,9/7/22,Sunny,Fresh,2
Belimbing,0,2.3,1,Anggun,9/7/22,Sunny,Fresh,2
Ficus,1,2.3,1,Anggun,9/7/22,Sunny,Fresh,2
Hibiscus,0,2.3,1,Anggun,9/7/22,Sunny,Fresh,2
Ketapung,7,2.3,1,Anggun,9/7/22,Sunny,Fresh,2
Miracle,8,2.3,1,Anggun,9/7/22,Sunny,Fresh,2
Raintree,0,2.3,1,Anggun,9/7/22,Sunny,Fresh,2
Saga,17,2.3,1,Anggun,9/7/22,Sunny,Fresh,2
NV,0,2.3,1,Anggun,9/7/22,Sunny,Fresh,2
Angsana,0,2.3,2,Kejora,9/7/22,Sunny,Fresh,2
Belimbing,0,2.3,2,Kejora,9/7/22,Sunny,Fresh,2
Ficus,0,2.3,2,Kejora,9/7/22,Sunny,Fresh,2
Hibiscus,0,2.3,2,Kejora,9/7/22,Sunny,Fresh,2
Ketapung,0,2.3,2,Kejora,9/7/22,Sunny,Fresh,2
Miracle,9,2.3,2,Kejora,9/7/22,Sunny,Fresh,2
Raintree,0,2.3,2,Kejora,9/7/22,Sunny,Fresh,2
Saga,0,2.3,2,Kejora,9/7/22,Sunny,Fresh,2
NV,0,2.3,2,Kejora,9/7/22,Sunny,Fresh,2
Angsana,0,2.3,3,Sakti,9/7/22,Sunny,Fresh,2
Belimbing,0,2.3,3,Sakti,9/7/22,Sunny,Fresh,2
Ficus,0,2.3,3,Sakti,9/7/22,Sunny,Fresh,2
Hibiscus,0,2.3,3,Sakti,9/7/22,Sunny,Fresh,2
Ketapung,0,2.3,3,Sakti,9/7/22,Sunny,Fresh,2
Miracle,25,2.3,3,Sakti,9/7/22,Sunny,Fresh,2
Raintree,0,2.3,3,Sakti,9/7/22,Sunny,Fresh,2
Saga,25,2.3,3,Sakti,9/7/22,Sunny,Fresh,2
NV,0,2.3,3,Sakti,9/7/22,Sunny,Fresh,2
Angsana,0,2.4,1,Jeff,9/8/22,Cloudy,Fresh,3
Belimbing,0,2.4,1,Jeff,9/8/22,Cloudy,Fresh,3
Eugenia,0,2.4,1,Jeff,9/8/22,Cloudy,Fresh,3
Ficus,0,2.4,1,Jeff,9/8/22,Cloudy,Fresh,3
Hibiscus,0,2.4,1,Jeff,9/8/22,Cloudy,Fresh,3
Ketapung,25,2.4,1,Jeff,9/8/22,Cloudy,Fresh,3
Lobi,0,2.4,1,Jeff,9/8/22,Cloudy,Fresh,3
Miracle,23,2.4,1,Jeff,9/8/22,Cloudy,Fresh,3
Mulberry,0,2.4,1,Jeff,9/8/22,Cloudy,Fresh,3
Raintree,0,2.4,1,Jeff,9/8/22,Cloudy,Fresh,3
Saga,0,2.4,1,Jeff,9/8/22,Cloudy,Fresh,3
Starfruit,0,2.4,1,Jeff,9/8/22,Cloudy,Fresh,3
NV,0,2.4,1,Jeff,9/8/22,Cloudy,Fresh,3
Angsana,0,2.4,2,Sakti,9/8/22,Cloudy,Fresh,3
Belimbing,0,2.4,2,Sakti,9/8/22,Cloudy,Fresh,3
Eugenia,0,2.4,2,Sakti,9/8/22,Cloudy,Fresh,3
Ficus,2,2.4,2,Sakti,9/8/22,Cloudy,Fresh,3
Hibiscus,0,2.4,2,Sakti,9/8/22,Cloudy,Fresh,3
Ketapung,12,2.4,2,Sakti,9/8/22,Cloudy,Fresh,3
Lobi,0,2.4,2,Sakti,9/8/22,Cloudy,Fresh,3
Miracle,4,2.4,2,Sakti,9/8/22,Cloudy,Fresh,3
Mulberry,0,2.4,2,Sakti,9/8/22,Cloudy,Fresh,3
Raintree,0,2.4,2,Sakti,9/8/22,Cloudy,Fresh,3
Saga,0,2.4,2,Sakti,9/8/22,Cloudy,Fresh,3
Starfruit,0,2.4,2,Sakti,9/8/22,Cloudy,Fresh,3
NV,2,2.4,2,Sakti,9/8/22,Cloudy,Fresh,3
Angsana,0,2.4,3,Malaka,9/8/22,Cloudy,Fresh,3
Belimbing,0,2.4,3,Malaka,9/8/22,Cloudy,Fresh,3
Eugenia,21,2.4,3,Malaka,9/8/22,Cloudy,Fresh,3
Ficus,2,2.4,3,Malaka,9/8/22,Cloudy,Fresh,3
Hibiscus,0,2.4,3,Malaka,9/8/22,Cloudy,Fresh,3
Ketapung,4,2.4,3,Malaka,9/8/22,Cloudy,Fresh,3
Lobi,0,2.4,3,Malaka,9/8/22,Cloudy,Fresh,3
Miracle,1,2.4,3,Malaka,9/8/22,Cloudy,Fresh,3
Mulberry,0,2.4,3,Malaka,9/8/22,Cloudy,Fresh,3
Raintree,1,2.4,3,Malaka,9/8/22,Cloudy,Fresh,3
Saga,0,2.4,3,Malaka,9/8/22,Cloudy,Fresh,3
Starfruit,0,2.4,3,Malaka,9/8/22,Cloudy,Fresh,3
NV,3,2.4,3,Malaka,9/8/22,Cloudy,Fresh,3
Asam.Jawa,0,2.5,1,Kejora,9/9/22,Cloudy,Fresh,1
Eugenia,6,2.5,1,Kejora,9/9/22,Cloudy,Fresh,1
Ficus,0,2.5,1,Kejora,9/9/22,Cloudy,Fresh,1
Ketapung,1,2.5,1,Kejora,9/9/22,Cloudy,Fresh,1
Khaya,2,2.5,1,Kejora,9/9/22,Cloudy,Fresh,1
Miracle,11,2.5,1,Kejora,9/9/22,Cloudy,Fresh,1
Mulberry,0,2.5,1,Kejora,9/9/22,Cloudy,Fresh,1
Saga,0,2.5,1,Kejora,9/9/22,Cloudy,Fresh,1
NV,0,2.5,1,Kejora,9/9/22,Cloudy,Fresh,1
Asam.Jawa,0,2.5,2,Jeff,9/9/22,Cloudy,Fresh,1
Eugenia,0,2.5,2,Jeff,9/9/22,Cloudy,Fresh,1
Ficus,0,2.5,2,Jeff,9/9/22,Cloudy,Fresh,1
Ketapung,29,2.5,2,Jeff,9/9/22,Cloudy,Fresh,1
Khaya,0,2.5,2,Jeff,9/9/22,Cloudy,Fresh,1
Miracle,0,2.5,2,Jeff,9/9/22,Cloudy,Fresh,1
Mulberry,0,2.5,2,Jeff,9/9/22,Cloudy,Fresh,1
Saga,0,2.5,2,Jeff,9/9/22,Cloudy,Fresh,1
NV,0,2.5,2,Jeff,9/9/22,Cloudy,Fresh,1
Asam.Jawa,0,2.5,3,Wendy,9/9/22,Cloudy,Fresh,1
Eugenia,0,2.5,3,Wendy,9/9/22,Cloudy,Fresh,1
Ficus,0,2.5,3,Wendy,9/9/22,Cloudy,Fresh,1
Ketapung,12,2.5,3,Wendy,9/9/22,Cloudy,Fresh,1
Khaya,0,2.5,3,Wendy,9/9/22,Cloudy,Fresh,1
Miracle,8,2.5,3,Wendy,9/9/22,Cloudy,Fresh,1
Mulberry,0,2.5,3,Wendy,9/9/22,Cloudy,Fresh,1
Saga,0,2.5,3,Wendy,9/9/22,Cloudy,Fresh,1
NV,0,2.5,3,Wendy,9/9/22,Cloudy,Fresh,1
Asam.Jawa,0,2.6,1,Wendy,14/9/22,Sunny,Fresh,3
Eugenia,0,2.6,1,Wendy,14/9/22,Sunny,Fresh,3
Ficus,0,2.6,1,Wendy,14/9/22,Sunny,Fresh,3
Hibiscus,0,2.6,1,Wendy,14/9/22,Sunny,Fresh,3
Ketapung,16,2.6,1,Wendy,14/9/22,Sunny,Fresh,3
Malayan.Cherry,0,2.6,1,Wendy,14/9/22,Sunny,Fresh,3
Miracle,5,2.6,1,Wendy,14/9/22,Sunny,Fresh,3
Mulberry,0,2.6,1,Wendy,14/9/22,Sunny,Fresh,3
Raintree,0,2.6,1,Wendy,14/9/22,Sunny,Fresh,3
Saga,0,2.6,1,Wendy,14/9/22,Sunny,Fresh,3
Starfruit,0,2.6,1,Wendy,14/9/22,Sunny,Fresh,3
NV,0,2.6,1,Wendy,14/9/22,Sunny,Fresh,3
Asam.Jawa,1,2.6,2,Anggun,14/9/22,Sunny,Fresh,3
Eugenia,5,2.6,2,Anggun,14/9/22,Sunny,Fresh,3
Ficus,6,2.6,2,Anggun,14/9/22,Sunny,Fresh,3
Hibiscus,0,2.6,2,Anggun,14/9/22,Sunny,Fresh,3
Ketapung,0,2.6,2,Anggun,14/9/22,Sunny,Fresh,3
Malayan.Cherry,0,2.6,2,Anggun,14/9/22,Sunny,Fresh,3
Miracle,0,2.6,2,Anggun,14/9/22,Sunny,Fresh,3
Mulberry,5,2.6,2,Anggun,14/9/22,Sunny,Fresh,3
Raintree,0,2.6,2,Anggun,14/9/22,Sunny,Fresh,3
Saga,5,2.6,2,Anggun,14/9/22,Sunny,Fresh,3
Starfruit,0,2.6,2,Anggun,14/9/22,Sunny,Fresh,3
NV,2,2.6,2,Anggun,14/9/22,Sunny,Fresh,3
Asam.Jawa,0,2.6,3,Jeff,14/9/22,Sunny,Fresh,3
Eugenia,0,2.6,3,Jeff,14/9/22,Sunny,Fresh,3
Ficus,0,2.6,3,Jeff,14/9/22,Sunny,Fresh,3
Hibiscus,0,2.6,3,Jeff,14/9/22,Sunny,Fresh,3
Ketapung,6,2.6,3,Jeff,14/9/22,Sunny,Fresh,3
Malayan.Cherry,0,2.6,3,Jeff,14/9/22,Sunny,Fresh,3
Miracle,0,2.6,3,Jeff,14/9/22,Sunny,Fresh,3
Mulberry,4,2.6,3,Jeff,14/9/22,Sunny,Fresh,3
Raintree,0,2.6,3,Jeff,14/9/22,Sunny,Fresh,3
Saga,0,2.6,3,Jeff,14/9/22,Sunny,Fresh,3
Starfruit,0,2.6,3,Jeff,14/9/22,Sunny,Fresh,3
NV,0,2.6,3,Jeff,14/9/22,Sunny,Fresh,3
Ficus,0,2.7,1,Sakti,16/9/22,Raining,Fresh,0
Ketapung,16,2.7,1,Sakti,16/9/22,Raining,Fresh,0
Miracle,9,2.7,1,Sakti,16/9/22,Raining,Fresh,0
Mulberry,0,2.7,1,Sakti,16/9/22,Raining,Fresh,0
Saga,11,2.7,1,Sakti,16/9/22,Raining,Fresh,0
Starfruit,8,2.7,1,Sakti,16/9/22,Raining,Fresh,0
NV,0,2.7,1,Sakti,16/9/22,Raining,Fresh,0
Ficus,0,2.7,2,Malaka,16/9/22,Raining,Fresh,0
Ketapung,34,2.7,2,Malaka,16/9/22,Raining,Fresh,0
Miracle,0,2.7,2,Malaka,16/9/22,Raining,Fresh,0
Mulberry,0,2.7,2,Malaka,16/9/22,Raining,Fresh,0
Saga,0,2.7,2,Malaka,16/9/22,Raining,Fresh,0
Starfruit,0,2.7,2,Malaka,16/9/22,Raining,Fresh,0
NV,0,2.7,2,Malaka,16/9/22,Raining,Fresh,0
Ficus,0,2.7,3,Sayang,16/9/22,Raining,Fresh,0
Ketapung,19,2.7,3,Sayang,16/9/22,Raining,Fresh,0
Miracle,0,2.7,3,Sayang,16/9/22,Raining,Fresh,0
Mulberry,3,2.7,3,Sayang,16/9/22,Raining,Fresh,0
Saga,0,2.7,3,Sayang,16/9/22,Raining,Fresh,0
Starfruit,0,2.7,3,Sayang,16/9/22,Raining,Fresh,0
NV,1,2.7,3,Sayang,16/9/22,Raining,Fresh,0
Ficus,0,3.1,1,Sayang,22/9/22,Raining,Fresh,2
Hibiscus,0,3.1,1,Sayang,22/9/22,Raining,Fresh,2
Ketapung,19,3.1,1,Sayang,22/9/22,Raining,Fresh,2
Malayan.Cherry,0,3.1,1,Sayang,22/9/22,Raining,Fresh,2
Mango,0,3.1,1,Sayang,22/9/22,Raining,Fresh,2
Miracle,0,3.1,1,Sayang,22/9/22,Raining,Fresh,2
Mulberry,0,3.1,1,Sayang,22/9/22,Raining,Fresh,2
Raintree,0,3.1,1,Sayang,22/9/22,Raining,Fresh,2
Saga,0,3.1,1,Sayang,22/9/22,Raining,Fresh,2
NV,0,3.1,1,Sayang,22/9/22,Raining,Fresh,2
Ficus,0,3.1,2,Wendy,22/9/22,Raining,Fresh,2
Hibiscus,0,3.1,2,Wendy,22/9/22,Raining,Fresh,2
Ketapung,0,3.1,2,Wendy,22/9/22,Raining,Fresh,2
Malayan.Cherry,0,3.1,2,Wendy,22/9/22,Raining,Fresh,2
Mango,12,3.1,2,Wendy,22/9/22,Raining,Fresh,2
Miracle,4,3.1,2,Wendy,22/9/22,Raining,Fresh,2
Mulberry,1,3.1,2,Wendy,22/9/22,Raining,Fresh,2
Raintree,0,3.1,2,Wendy,22/9/22,Raining,Fresh,2
Saga,2,3.1,2,Wendy,22/9/22,Raining,Fresh,2
NV,0,3.1,2,Wendy,22/9/22,Raining,Fresh,2
Ficus,0,3.1,3,Kejora,22/9/22,Raining,Fresh,2
Hibiscus,0,3.1,3,Kejora,22/9/22,Raining,Fresh,2
Ketapung,5,3.1,3,Kejora,22/9/22,Raining,Fresh,2
Malayan.Cherry,0,3.1,3,Kejora,22/9/22,Raining,Fresh,2
Mango,9,3.1,3,Kejora,22/9/22,Raining,Fresh,2
Miracle,0,3.1,3,Kejora,22/9/22,Raining,Fresh,2
Mulberry,0,3.1,3,Kejora,22/9/22,Raining,Fresh,2
Raintree,0,3.1,3,Kejora,22/9/22,Raining,Fresh,2
Saga,0,3.1,3,Kejora,22/9/22,Raining,Fresh,2
NV,5,3.1,3,Kejora,22/9/22,Raining,Fresh,2
Angsana,23,3.2,1,Wendy,23/9/22,Sunny,Fresh,1
Asam.Jawa,0,3.2,1,Wendy,23/9/22,Sunny,Fresh,1
Eugenia,13,3.2,1,Wendy,23/9/22,Sunny,Fresh,1
Ficus,8,3.2,1,Wendy,23/9/22,Sunny,Fresh,1
Ketapung,0,3.2,1,Wendy,23/9/22,Sunny,Fresh,1
Miracle,16,3.2,1,Wendy,23/9/22,Sunny,Fresh,1
Mulberry,0,3.2,1,Wendy,23/9/22,Sunny,Fresh,1
Raintree,0,3.2,1,Wendy,23/9/22,Sunny,Fresh,1
Saga,0,3.2,1,Wendy,23/9/22,Sunny,Fresh,1
NV,1,3.2,1,Wendy,23/9/22,Sunny,Fresh,1
Angsana,3,3.2,2,Anggun,23/9/22,Sunny,Fresh,1
Asam.Jawa,0,3.2,2,Anggun,23/9/22,Sunny,Fresh,1
Eugenia,10,3.2,2,Anggun,23/9/22,Sunny,Fresh,1
Ficus,2,3.2,2,Anggun,23/9/22,Sunny,Fresh,1
Ketapung,0,3.2,2,Anggun,23/9/22,Sunny,Fresh,1
Miracle,17,3.2,2,Anggun,23/9/22,Sunny,Fresh,1
Mulberry,1,3.2,2,Anggun,23/9/22,Sunny,Fresh,1
Raintree,0,3.2,2,Anggun,23/9/22,Sunny,Fresh,1
Saga,0,3.2,2,Anggun,23/9/22,Sunny,Fresh,1
NV,1,3.2,2,Anggun,23/9/22,Sunny,Fresh,1
Angsana,0,3.2,3,Jeff,23/9/22,Sunny,Fresh,1
Asam.Jawa,0,3.2,3,Jeff,23/9/22,Sunny,Fresh,1
Eugenia,0,3.2,3,Jeff,23/9/22,Sunny,Fresh,1
Ficus,0,3.2,3,Jeff,23/9/22,Sunny,Fresh,1
Ketapung,7,3.2,3,Jeff,23/9/22,Sunny,Fresh,1
Miracle,0,3.2,3,Jeff,23/9/22,Sunny,Fresh,1
Mulberry,0,3.2,3,Jeff,23/9/22,Sunny,Fresh,1
Raintree,0,3.2,3,Jeff,23/9/22,Sunny,Fresh,1
Saga,0,3.2,3,Jeff,23/9/22,Sunny,Fresh,1
NV,0,3.2,3,Jeff,23/9/22,Sunny,Fresh,1
Ficus,0,3.3,1,Wendy,30/9/22,Cloudy,Fresh,2
Hibiscus,0,3.3,1,Wendy,30/9/22,Cloudy,Fresh,2
Ketapung,5,3.3,1,Wendy,30/9/22,Cloudy,Fresh,2
Malayan.Cherry,1,3.3,1,Wendy,30/9/22,Cloudy,Fresh,2
Mango,2,3.3,1,Wendy,30/9/22,Cloudy,Fresh,2
Miracle,37,3.3,1,Wendy,30/9/22,Cloudy,Fresh,2
Raintree,0,3.3,1,Wendy,30/9/22,Cloudy,Fresh,2
Saga,3,3.3,1,Wendy,30/9/22,Cloudy,Fresh,2
NV,0,3.3,1,Wendy,30/9/22,Cloudy,Fresh,2
Ficus,0,3.3,2,Anggun,30/9/22,Cloudy,Fresh,2
Hibiscus,0,3.3,2,Anggun,30/9/22,Cloudy,Fresh,2
Ketapung,8,3.3,2,Anggun,30/9/22,Cloudy,Fresh,2
Malayan.Cherry,0,3.3,2,Anggun,30/9/22,Cloudy,Fresh,2
Mango,6,3.3,2,Anggun,30/9/22,Cloudy,Fresh,2
Miracle,5,3.3,2,Anggun,30/9/22,Cloudy,Fresh,2
Raintree,0,3.3,2,Anggun,30/9/22,Cloudy,Fresh,2
Saga,0,3.3,2,Anggun,30/9/22,Cloudy,Fresh,2
NV,2,3.3,2,Anggun,30/9/22,Cloudy,Fresh,2
Ficus,0,3.3,3,Jeff,30/9/22,Cloudy,Fresh,2
Hibiscus,0,3.3,3,Jeff,30/9/22,Cloudy,Fresh,2
Ketapung,8,3.3,3,Jeff,30/9/22,Cloudy,Fresh,2
Malayan.Cherry,0,3.3,3,Jeff,30/9/22,Cloudy,Fresh,2
Mango,14,3.3,3,Jeff,30/9/22,Cloudy,Fresh,2
Miracle,7,3.3,3,Jeff,30/9/22,Cloudy,Fresh,2
Raintree,0,3.3,3,Jeff,30/9/22,Cloudy,Fresh,2
Saga,0,3.3,3,Jeff,30/9/22,Cloudy,Fresh,2
NV,0,3.3,3,Jeff,30/9/22,Cloudy,Fresh,2
Belimbing,0,3.4,1,Malaka,10/4/22,Cloudy,Fresh,1
Eugenia,6,3.4,1,Malaka,10/4/22,Cloudy,Fresh,1
Ficus,0,3.4,1,Malaka,10/4/22,Cloudy,Fresh,1
Ketapung,15,3.4,1,Malaka,10/4/22,Cloudy,Fresh,1
Miracle,13,3.4,1,Malaka,10/4/22,Cloudy,Fresh,1
Mulberry,8,3.4,1,Malaka,10/4/22,Cloudy,Fresh,1
Raintree,2,3.4,1,Malaka,10/4/22,Cloudy,Fresh,1
Saga,0,3.4,1,Malaka,10/4/22,Cloudy,Fresh,1
Starfruit,5,3.4,1,Malaka,10/4/22,Cloudy,Fresh,1
NV,0,3.4,1,Malaka,10/4/22,Cloudy,Fresh,1
Belimbing,0,3.4,2,Jeff,10/4/22,Cloudy,Fresh,1
Eugenia,13,3.4,2,Jeff,10/4/22,Cloudy,Fresh,1
Ficus,0,3.4,2,Jeff,10/4/22,Cloudy,Fresh,1
Ketapung,0,3.4,2,Jeff,10/4/22,Cloudy,Fresh,1
Miracle,0,3.4,2,Jeff,10/4/22,Cloudy,Fresh,1
Mulberry,0,3.4,2,Jeff,10/4/22,Cloudy,Fresh,1
Raintree,0,3.4,2,Jeff,10/4/22,Cloudy,Fresh,1
Saga,0,3.4,2,Jeff,10/4/22,Cloudy,Fresh,1
Starfruit,13,3.4,2,Jeff,10/4/22,Cloudy,Fresh,1
NV,3,3.4,2,Jeff,10/4/22,Cloudy,Fresh,1
Belimbing,0,3.4,3,Wendy,10/4/22,Cloudy,Fresh,1
Eugenia,0,3.4,3,Wendy,10/4/22,Cloudy,Fresh,1
Ficus,0,3.4,3,Wendy,10/4/22,Cloudy,Fresh,1
Ketapung,14,3.4,3,Wendy,10/4/22,Cloudy,Fresh,1
Miracle,0,3.4,3,Wendy,10/4/22,Cloudy,Fresh,1
Mulberry,0,3.4,3,Wendy,10/4/22,Cloudy,Fresh,1
Raintree,0,3.4,3,Wendy,10/4/22,Cloudy,Fresh,1
Saga,0,3.4,3,Wendy,10/4/22,Cloudy,Fresh,1
Starfruit,4,3.4,3,Wendy,10/4/22,Cloudy,Fresh,1
NV,0,3.4,3,Wendy,10/4/22,Cloudy,Fresh,1
Angsana,0,3.5,1,Anggun,10/5/22,Raining,Fresh,3
Asam.Jawa,1,3.5,1,Anggun,10/5/22,Raining,Fresh,3
Eugenia,3,3.5,1,Anggun,10/5/22,Raining,Fresh,3
Ficus,0,3.5,1,Anggun,10/5/22,Raining,Fresh,3
Ketapung,0,3.5,1,Anggun,10/5/22,Raining,Fresh,3
Malayan.Cherry,0,3.5,1,Anggun,10/5/22,Raining,Fresh,3
Miracle,6,3.5,1,Anggun,10/5/22,Raining,Fresh,3
Mulberry,0,3.5,1,Anggun,10/5/22,Raining,Fresh,3
Saga,1,3.5,1,Anggun,10/5/22,Raining,Fresh,3
Tapioca,0,3.5,1,Anggun,10/5/22,Raining,Fresh,3
NV,2,3.5,1,Anggun,10/5/22,Raining,Fresh,3
Angsana,0,3.5,2,Kejora,10/5/22,Raining,Fresh,3
Asam.Jawa,0,3.5,2,Kejora,10/5/22,Raining,Fresh,3
Eugenia,14,3.5,2,Kejora,10/5/22,Raining,Fresh,3
Ficus,0,3.5,2,Kejora,10/5/22,Raining,Fresh,3
Ketapung,3,3.5,2,Kejora,10/5/22,Raining,Fresh,3
Malayan.Cherry,0,3.5,2,Kejora,10/5/22,Raining,Fresh,3
Miracle,0,3.5,2,Kejora,10/5/22,Raining,Fresh,3
Mulberry,6,3.5,2,Kejora,10/5/22,Raining,Fresh,3
Saga,0,3.5,2,Kejora,10/5/22,Raining,Fresh,3
Tapioca,0,3.5,2,Kejora,10/5/22,Raining,Fresh,3
NV,1,3.5,2,Kejora,10/5/22,Raining,Fresh,3
Angsana,0,3.5,3,Sakti,10/5/22,Raining,Fresh,3
Asam.Jawa,0,3.5,3,Sakti,10/5/22,Raining,Fresh,3
Eugenia,5,3.5,3,Sakti,10/5/22,Raining,Fresh,3
Ficus,0,3.5,3,Sakti,10/5/22,Raining,Fresh,3
Ketapung,20,3.5,3,Sakti,10/5/22,Raining,Fresh,3
Malayan.Cherry,0,3.5,3,Sakti,10/5/22,Raining,Fresh,3
Miracle,1,3.5,3,Sakti,10/5/22,Raining,Fresh,3
Mulberry,0,3.5,3,Sakti,10/5/22,Raining,Fresh,3
Saga,0,3.5,3,Sakti,10/5/22,Raining,Fresh,3
Tapioca,4,3.5,3,Sakti,10/5/22,Raining,Fresh,3
NV,0,3.5,3,Sakti,10/5/22,Raining,Fresh,3
Belimbing,0,3.6,1,Sakti,11/1/22,Cloudy,Fresh,2
Ficus,0,3.6,1,Sakti,11/1/22,Cloudy,Fresh,2
Ketapung,7,3.6,1,Sakti,11/1/22,Cloudy,Fresh,2
Mango,0,3.6,1,Sakti,11/1/22,Cloudy,Fresh,2
Miracle,3,3.6,1,Sakti,11/1/22,Cloudy,Fresh,2
Mulberry,0,3.6,1,Sakti,11/1/22,Cloudy,Fresh,2
Saga,0,3.6,1,Sakti,11/1/22,Cloudy,Fresh,2
Starfruit,9,3.6,1,Sakti,11/1/22,Cloudy,Fresh,2
Chiku,0,3.6,1,Sakti,11/1/22,Cloudy,Fresh,2
NV,0,3.6,1,Sakti,11/1/22,Cloudy,Fresh,2
Belimbing,0,3.6,2,Sayang,11/1/22,Cloudy,Fresh,2
Ficus,0,3.6,2,Sayang,11/1/22,Cloudy,Fresh,2
Ketapung,12,3.6,2,Sayang,11/1/22,Cloudy,Fresh,2
Mango,0,3.6,2,Sayang,11/1/22,Cloudy,Fresh,2
Miracle,0,3.6,2,Sayang,11/1/22,Cloudy,Fresh,2
Mulberry,0,3.6,2,Sayang,11/1/22,Cloudy,Fresh,2
Saga,0,3.6,2,Sayang,11/1/22,Cloudy,Fresh,2
Starfruit,4,3.6,2,Sayang,11/1/22,Cloudy,Fresh,2
Chiku,0,3.6,2,Sayang,11/1/22,Cloudy,Fresh,2
NV,0,3.6,2,Sayang,11/1/22,Cloudy,Fresh,2
Belimbing,0,3.6,3,Malaka,11/1/22,Cloudy,Fresh,2
Ficus,0,3.6,3,Malaka,11/1/22,Cloudy,Fresh,2
Ketapung,9,3.6,3,Malaka,11/1/22,Cloudy,Fresh,2
Mango,0,3.6,3,Malaka,11/1/22,Cloudy,Fresh,2
Miracle,28,3.6,3,Malaka,11/1/22,Cloudy,Fresh,2
Mulberry,0,3.6,3,Malaka,11/1/22,Cloudy,Fresh,2
Saga,0,3.6,3,Malaka,11/1/22,Cloudy,Fresh,2
Starfruit,2,3.6,3,Malaka,11/1/22,Cloudy,Fresh,2
Chiku,0,3.6,3,Malaka,11/1/22,Cloudy,Fresh,2
NV,0,3.6,3,Malaka,11/1/22,Cloudy,Fresh,2
Belimbing,0,3.7,1,Kejora,11/2/22,Cloudy,Fresh,1
Eugenia,5,3.7,1,Kejora,11/2/22,Cloudy,Fresh,1
Ficus,0,3.7,1,Kejora,11/2/22,Cloudy,Fresh,1
Ketapung,5,3.7,1,Kejora,11/2/22,Cloudy,Fresh,1
Mango,6,3.7,1,Kejora,11/2/22,Cloudy,Fresh,1
Miracle,0,3.7,1,Kejora,11/2/22,Cloudy,Fresh,1
Mulberry,0,3.7,1,Kejora,11/2/22,Cloudy,Fresh,1
Raintree,1,3.7,1,Kejora,11/2/22,Cloudy,Fresh,1
Saga,1,3.7,1,Kejora,11/2/22,Cloudy,Fresh,1
NV,1,3.7,1,Kejora,11/2/22,Cloudy,Fresh,1
Belimbing,0,3.7,2,Sakti,11/2/22,Cloudy,Fresh,1
Eugenia,0,3.7,2,Sakti,11/2/22,Cloudy,Fresh,1
Ficus,4,3.7,2,Sakti,11/2/22,Cloudy,Fresh,1
Ketapung,1,3.7,2,Sakti,11/2/22,Cloudy,Fresh,1
Mango,0,3.7,2,Sakti,11/2/22,Cloudy,Fresh,1
Miracle,0,3.7,2,Sakti,11/2/22,Cloudy,Fresh,1
Mulberry,0,3.7,2,Sakti,11/2/22,Cloudy,Fresh,1
Raintree,0,3.7,2,Sakti,11/2/22,Cloudy,Fresh,1
Saga,0,3.7,2,Sakti,11/2/22,Cloudy,Fresh,1
NV,0,3.7,2,Sakti,11/2/22,Cloudy,Fresh,1
Belimbing,0,3.7,3,Sayang,11/2/22,Cloudy,Fresh,1
Eugenia,0,3.7,3,Sayang,11/2/22,Cloudy,Fresh,1
Ficus,0,3.7,3,Sayang,11/2/22,Cloudy,Fresh,1
Ketapung,7,3.7,3,Sayang,11/2/22,Cloudy,Fresh,1
Mango,9,3.7,3,Sayang,11/2/22,Cloudy,Fresh,1
Miracle,0,3.7,3,Sayang,11/2/22,Cloudy,Fresh,1
Mulberry,0,3.7,3,Sayang,11/2/22,Cloudy,Fresh,1
Raintree,0,3.7,3,Sayang,11/2/22,Cloudy,Fresh,1
Saga,1,3.7,3,Sayang,11/2/22,Cloudy,Fresh,1
NV,0,3.7,3,Sayang,11/2/22,Cloudy,Fresh,1
Eugenia,0,4.1,1,Malaka,10/7/22,Cloudy,Fresh,0
Ficus,0,4.1,1,Malaka,10/7/22,Cloudy,Fresh,0
Ketapung,5,4.1,1,Malaka,10/7/22,Cloudy,Fresh,0
Miracle,1,4.1,1,Malaka,10/7/22,Cloudy,Fresh,0
Mulberry,0,4.1,1,Malaka,10/7/22,Cloudy,Fresh,0
Raintree,0,4.1,1,Malaka,10/7/22,Cloudy,Fresh,0
Saga,0,4.1,1,Malaka,10/7/22,Cloudy,Fresh,0
Starfruit,0,4.1,1,Malaka,10/7/22,Cloudy,Fresh,0
NV,0,4.1,1,Malaka,10/7/22,Cloudy,Fresh,0
Eugenia,0,4.1,2,Sakti,10/7/22,Cloudy,Fresh,0
Ficus,2,4.1,2,Sakti,10/7/22,Cloudy,Fresh,0
Ketapung,9,4.1,2,Sakti,10/7/22,Cloudy,Fresh,0
Miracle,8,4.1,2,Sakti,10/7/22,Cloudy,Fresh,0
Mulberry,0,4.1,2,Sakti,10/7/22,Cloudy,Fresh,0
Raintree,2,4.1,2,Sakti,10/7/22,Cloudy,Fresh,0
Saga,0,4.1,2,Sakti,10/7/22,Cloudy,Fresh,0
Starfruit,0,4.1,2,Sakti,10/7/22,Cloudy,Fresh,0
NV,2,4.1,2,Sakti,10/7/22,Cloudy,Fresh,0
Eugenia,0,4.1,3,Kejora,10/7/22,Cloudy,Fresh,0
Ficus,0,4.1,3,Kejora,10/7/22,Cloudy,Fresh,0
Ketapung,8,4.1,3,Kejora,10/7/22,Cloudy,Fresh,0
Miracle,0,4.1,3,Kejora,10/7/22,Cloudy,Fresh,0
Mulberry,0,4.1,3,Kejora,10/7/22,Cloudy,Fresh,0
Raintree,0,4.1,3,Kejora,10/7/22,Cloudy,Fresh,0
Saga,0,4.1,3,Kejora,10/7/22,Cloudy,Fresh,0
Starfruit,0,4.1,3,Kejora,10/7/22,Cloudy,Fresh,0
NV,0,4.1,3,Kejora,10/7/22,Cloudy,Fresh,0
Asam.Jawa,0,4.2,1,Anggun,10/11/22,Sunny,Fresh,2
Belimbing,0,4.2,1,Anggun,10/11/22,Sunny,Fresh,2
Ficus,5,4.2,1,Anggun,10/11/22,Sunny,Fresh,2
Ketapung,13,4.2,1,Anggun,10/11/22,Sunny,Fresh,2
Miracle,0,4.2,1,Anggun,10/11/22,Sunny,Fresh,2
Mulberry,0,4.2,1,Anggun,10/11/22,Sunny,Fresh,2
Raintree,0,4.2,1,Anggun,10/11/22,Sunny,Fresh,2
Saga,0,4.2,1,Anggun,10/11/22,Sunny,Fresh,2
Starfruit,0,4.2,1,Anggun,10/11/22,Sunny,Fresh,2
NV,2,4.2,1,Anggun,10/11/22,Sunny,Fresh,2
Asam.Jawa,0,4.2,2,Kejora,10/11/22,Sunny,Fresh,2
Belimbing,0,4.2,2,Kejora,10/11/22,Sunny,Fresh,2
Ficus,0,4.2,2,Kejora,10/11/22,Sunny,Fresh,2
Ketapung,0,4.2,2,Kejora,10/11/22,Sunny,Fresh,2
Miracle,30,4.2,2,Kejora,10/11/22,Sunny,Fresh,2
Mulberry,0,4.2,2,Kejora,10/11/22,Sunny,Fresh,2
Raintree,3,4.2,2,Kejora,10/11/22,Sunny,Fresh,2
Saga,0,4.2,2,Kejora,10/11/22,Sunny,Fresh,2
Starfruit,0,4.2,2,Kejora,10/11/22,Sunny,Fresh,2
NV,0,4.2,2,Kejora,10/11/22,Sunny,Fresh,2
Asam.Jawa,0,4.2,3,Jeff,10/11/22,Sunny,Fresh,2
Belimbing,0,4.2,3,Jeff,10/11/22,Sunny,Fresh,2
Ficus,0,4.2,3,Jeff,10/11/22,Sunny,Fresh,2
Ketapung,33,4.2,3,Jeff,10/11/22,Sunny,Fresh,2
Miracle,0,4.2,3,Jeff,10/11/22,Sunny,Fresh,2
Mulberry,0,4.2,3,Jeff,10/11/22,Sunny,Fresh,2
Raintree,0,4.2,3,Jeff,10/11/22,Sunny,Fresh,2
Saga,0,4.2,3,Jeff,10/11/22,Sunny,Fresh,2
Starfruit,0,4.2,3,Jeff,10/11/22,Sunny,Fresh,2
NV,0,4.2,3,Jeff,10/11/22,Sunny,Fresh,2
Angsana,5,4.3,1,Jeff,10/12/22,Raining,Fresh,2
Belimbing,0,4.3,1,Jeff,10/12/22,Raining,Fresh,2
Ficus,0,4.3,1,Jeff,10/12/22,Raining,Fresh,2
Ketapung,13,4.3,1,Jeff,10/12/22,Raining,Fresh,2
Miracle,7,4.3,1,Jeff,10/12/22,Raining,Fresh,2
Mulberry,0,4.3,1,Jeff,10/12/22,Raining,Fresh,2
Raintree,0,4.3,1,Jeff,10/12/22,Raining,Fresh,2
Saga,0,4.3,1,Jeff,10/12/22,Raining,Fresh,2
Starfruit,5,4.3,1,Jeff,10/12/22,Raining,Fresh,2
Tapioca,0,4.3,1,Jeff,10/12/22,Raining,Fresh,2
NV,2,4.3,1,Jeff,10/12/22,Raining,Fresh,2
Angsana,8,4.3,2,Wendy,10/12/22,Raining,Fresh,2
Belimbing,2,4.3,2,Wendy,10/12/22,Raining,Fresh,2
Ficus,1,4.3,2,Wendy,10/12/22,Raining,Fresh,2
Ketapung,5,4.3,2,Wendy,10/12/22,Raining,Fresh,2
Miracle,0,4.3,2,Wendy,10/12/22,Raining,Fresh,2
Mulberry,1,4.3,2,Wendy,10/12/22,Raining,Fresh,2
Raintree,0,4.3,2,Wendy,10/12/22,Raining,Fresh,2
Saga,0,4.3,2,Wendy,10/12/22,Raining,Fresh,2
Starfruit,0,4.3,2,Wendy,10/12/22,Raining,Fresh,2
Tapioca,0,4.3,2,Wendy,10/12/22,Raining,Fresh,2
NV,0,4.3,2,Wendy,10/12/22,Raining,Fresh,2
Angsana,10,4.3,3,Malaka,10/12/22,Raining,Fresh,2
Belimbing,0,4.3,3,Malaka,10/12/22,Raining,Fresh,2
Ficus,0,4.3,3,Malaka,10/12/22,Raining,Fresh,2
Ketapung,6,4.3,3,Malaka,10/12/22,Raining,Fresh,2
Miracle,6,4.3,3,Malaka,10/12/22,Raining,Fresh,2
Mulberry,0,4.3,3,Malaka,10/12/22,Raining,Fresh,2
Raintree,0,4.3,3,Malaka,10/12/22,Raining,Fresh,2
Saga,0,4.3,3,Malaka,10/12/22,Raining,Fresh,2
Starfruit,0,4.3,3,Malaka,10/12/22,Raining,Fresh,2
Tapioca,0,4.3,3,Malaka,10/12/22,Raining,Fresh,2
NV,2,4.3,3,Malaka,10/12/22,Raining,Fresh,2
Belimbing,7,4.4,1,Kejora,18/10/22,Cloudy,Fresh,1
Eugenia,0,4.4,1,Kejora,18/10/22,Cloudy,Fresh,1
Ficus,0,4.4,1,Kejora,18/10/22,Cloudy,Fresh,1
Ketapung,0,4.4,1,Kejora,18/10/22,Cloudy,Fresh,1
Miracle,0,4.4,1,Kejora,18/10/22,Cloudy,Fresh,1
Mulberry,0,4.4,1,Kejora,18/10/22,Cloudy,Fresh,1
Raintree,0,4.4,1,Kejora,18/10/22,Cloudy,Fresh,1
Saga,14,4.4,1,Kejora,18/10/22,Cloudy,Fresh,1
NV,0,4.4,1,Kejora,18/10/22,Cloudy,Fresh,1
Belimbing,0,4.4,2,Jeff,18/10/22,Cloudy,Fresh,1
Eugenia,22,4.4,2,Jeff,18/10/22,Cloudy,Fresh,1
Ficus,1,4.4,2,Jeff,18/10/22,Cloudy,Fresh,1
Ketapung,0,4.4,2,Jeff,18/10/22,Cloudy,Fresh,1
Miracle,3,4.4,2,Jeff,18/10/22,Cloudy,Fresh,1
Mulberry,0,4.4,2,Jeff,18/10/22,Cloudy,Fresh,1
Raintree,0,4.4,2,Jeff,18/10/22,Cloudy,Fresh,1
Saga,9,4.4,2,Jeff,18/10/22,Cloudy,Fresh,1
NV,1,4.4,2,Jeff,18/10/22,Cloudy,Fresh,1
Belimbing,0,4.4,3,Sakti,18/10/22,Cloudy,Fresh,1
Eugenia,0,4.4,3,Sakti,18/10/22,Cloudy,Fresh,1
Ficus,0,4.4,3,Sakti,18/10/22,Cloudy,Fresh,1
Ketapung,9,4.4,3,Sakti,18/10/22,Cloudy,Fresh,1
Miracle,0,4.4,3,Sakti,18/10/22,Cloudy,Fresh,1
Mulberry,0,4.4,3,Sakti,18/10/22,Cloudy,Fresh,1
Raintree,0,4.4,3,Sakti,18/10/22,Cloudy,Fresh,1
Saga,0,4.4,3,Sakti,18/10/22,Cloudy,Fresh,1
NV,0,4.4,3,Sakti,18/10/22,Cloudy,Fresh,1
Angsana,10,4.5,1,Wendy,28/10/22,Cloudy,Fresh,2
Asam.Jawa,0,4.5,1,Wendy,28/10/22,Cloudy,Fresh,2
Ficus,11,4.5,1,Wendy,28/10/22,Cloudy,Fresh,2
Ketapung,6,4.5,1,Wendy,28/10/22,Cloudy,Fresh,2
Miracle,7,4.5,1,Wendy,28/10/22,Cloudy,Fresh,2
Mulberry,0,4.5,1,Wendy,28/10/22,Cloudy,Fresh,2
Saga,0,4.5,1,Wendy,28/10/22,Cloudy,Fresh,2
Starfruit,0,4.5,1,Wendy,28/10/22,Cloudy,Fresh,2
Tapioca,0,4.5,1,Wendy,28/10/22,Cloudy,Fresh,2
NV,0,4.5,1,Wendy,28/10/22,Cloudy,Fresh,2
Angsana,0,4.5,2,Anggun,28/10/22,Cloudy,Fresh,2
Asam.Jawa,0,4.5,2,Anggun,28/10/22,Cloudy,Fresh,2
Ficus,4,4.5,2,Anggun,28/10/22,Cloudy,Fresh,2
Ketapung,0,4.5,2,Anggun,28/10/22,Cloudy,Fresh,2
Miracle,10,4.5,2,Anggun,28/10/22,Cloudy,Fresh,2
Mulberry,0,4.5,2,Anggun,28/10/22,Cloudy,Fresh,2
Saga,1,4.5,2,Anggun,28/10/22,Cloudy,Fresh,2
Starfruit,0,4.5,2,Anggun,28/10/22,Cloudy,Fresh,2
Tapioca,1,4.5,2,Anggun,28/10/22,Cloudy,Fresh,2
NV,0,4.5,2,Anggun,28/10/22,Cloudy,Fresh,2
Angsana,0,4.5,3,Sayang,28/10/22,Cloudy,Fresh,2
Asam.Jawa,0,4.5,3,Sayang,28/10/22,Cloudy,Fresh,2
Ficus,0,4.5,3,Sayang,28/10/22,Cloudy,Fresh,2
Ketapung,0,4.5,3,Sayang,28/10/22,Cloudy,Fresh,2
Miracle,0,4.5,3,Sayang,28/10/22,Cloudy,Fresh,2
Mulberry,0,4.5,3,Sayang,28/10/22,Cloudy,Fresh,2
Saga,4,4.5,3,Sayang,28/10/22,Cloudy,Fresh,2
Starfruit,0,4.5,3,Sayang,28/10/22,Cloudy,Fresh,2
Tapioca,0,4.5,3,Sayang,28/10/22,Cloudy,Fresh,2
NV,0,4.5,3,Sayang,28/10/22,Cloudy,Fresh,2
Cinnamon,7,4.6,1,Sakti,11/3/22,Raining,Fresh,2
Ficus,0,4.6,1,Sakti,11/3/22,Raining,Fresh,2
Hibiscus,0,4.6,1,Sakti,11/3/22,Raining,Fresh,2
Ketapung,5,4.6,1,Sakti,11/3/22,Raining,Fresh,2
Longan,0,4.6,1,Sakti,11/3/22,Raining,Fresh,2
Mango,4,4.6,1,Sakti,11/3/22,Raining,Fresh,2
Miracle,2,4.6,1,Sakti,11/3/22,Raining,Fresh,2
Mulberry,0,4.6,1,Sakti,11/3/22,Raining,Fresh,2
Raintree,0,4.6,1,Sakti,11/3/22,Raining,Fresh,2
Saga,0,4.6,1,Sakti,11/3/22,Raining,Fresh,2
NV,0,4.6,1,Sakti,11/3/22,Raining,Fresh,2
Cinnamon,2,4.6,2,Sayang,11/3/22,Raining,Fresh,2
Ficus,0,4.6,2,Sayang,11/3/22,Raining,Fresh,2
Hibiscus,0,4.6,2,Sayang,11/3/22,Raining,Fresh,2
Ketapung,22,4.6,2,Sayang,11/3/22,Raining,Fresh,2
Longan,0,4.6,2,Sayang,11/3/22,Raining,Fresh,2
Mango,0,4.6,2,Sayang,11/3/22,Raining,Fresh,2
Miracle,2,4.6,2,Sayang,11/3/22,Raining,Fresh,2
Mulberry,0,4.6,2,Sayang,11/3/22,Raining,Fresh,2
Raintree,0,4.6,2,Sayang,11/3/22,Raining,Fresh,2
Saga,3,4.6,2,Sayang,11/3/22,Raining,Fresh,2
NV,0,4.6,2,Sayang,11/3/22,Raining,Fresh,2
Cinnamon,14,4.6,3,Wendy,11/3/22,Raining,Fresh,2
Ficus,0,4.6,3,Wendy,11/3/22,Raining,Fresh,2
Hibiscus,4,4.6,3,Wendy,11/3/22,Raining,Fresh,2
Ketapung,23,4.6,3,Wendy,11/3/22,Raining,Fresh,2
Longan,0,4.6,3,Wendy,11/3/22,Raining,Fresh,2
Mango,4,4.6,3,Wendy,11/3/22,Raining,Fresh,2
Miracle,16,4.6,3,Wendy,11/3/22,Raining,Fresh,2
Mulberry,0,4.6,3,Wendy,11/3/22,Raining,Fresh,2
Raintree,0,4.6,3,Wendy,11/3/22,Raining,Fresh,2
Saga,0,4.6,3,Wendy,11/3/22,Raining,Fresh,2
NV,1,4.6,3,Wendy,11/3/22,Raining,Fresh,2
Asam.Jawa,0,4.7,1,Sayang,11/4/22,Cloudy,Fresh,2
Eugenia,0,4.7,1,Sayang,11/4/22,Cloudy,Fresh,2
Ficus,30,4.7,1,Sayang,11/4/22,Cloudy,Fresh,2
Hibiscus,0,4.7,1,Sayang,11/4/22,Cloudy,Fresh,2
Ketapung,1,4.7,1,Sayang,11/4/22,Cloudy,Fresh,2
Mango,0,4.7,1,Sayang,11/4/22,Cloudy,Fresh,2
Miracle,0,4.7,1,Sayang,11/4/22,Cloudy,Fresh,2
Mulberry,0,4.7,1,Sayang,11/4/22,Cloudy,Fresh,2
Raintree,0,4.7,1,Sayang,11/4/22,Cloudy,Fresh,2
Saga,0,4.7,1,Sayang,11/4/22,Cloudy,Fresh,2
NV,0,4.7,1,Sayang,11/4/22,Cloudy,Fresh,2
Asam.Jawa,0,4.7,2,Malaka,11/4/22,Cloudy,Fresh,2
Eugenia,15,4.7,2,Malaka,11/4/22,Cloudy,Fresh,2
Ficus,2,4.7,2,Malaka,11/4/22,Cloudy,Fresh,2
Hibiscus,0,4.7,2,Malaka,11/4/22,Cloudy,Fresh,2
Ketapung,12,4.7,2,Malaka,11/4/22,Cloudy,Fresh,2
Mango,0,4.7,2,Malaka,11/4/22,Cloudy,Fresh,2
Miracle,0,4.7,2,Malaka,11/4/22,Cloudy,Fresh,2
Mulberry,0,4.7,2,Malaka,11/4/22,Cloudy,Fresh,2
Raintree,5,4.7,2,Malaka,11/4/22,Cloudy,Fresh,2
Saga,20,4.7,2,Malaka,11/4/22,Cloudy,Fresh,2
NV,0,4.7,2,Malaka,11/4/22,Cloudy,Fresh,2
Asam.Jawa,0,4.7,3,Anggun,11/4/22,Cloudy,Fresh,2
Eugenia,3,4.7,3,Anggun,11/4/22,Cloudy,Fresh,2
Ficus,0,4.7,3,Anggun,11/4/22,Cloudy,Fresh,2
Hibiscus,0,4.7,3,Anggun,11/4/22,Cloudy,Fresh,2
Ketapung,1,4.7,3,Anggun,11/4/22,Cloudy,Fresh,2
Mango,0,4.7,3,Anggun,11/4/22,Cloudy,Fresh,2
Miracle,0,4.7,3,Anggun,11/4/22,Cloudy,Fresh,2
Mulberry,0,4.7,3,Anggun,11/4/22,Cloudy,Fresh,2
Raintree,0,4.7,3,Anggun,11/4/22,Cloudy,Fresh,2
Saga,11,4.7,3,Anggun,11/4/22,Cloudy,Fresh,2
NV,1,4.7,3,Anggun,11/4/22,Cloudy,Fresh,2
Eugenia,0,5.1,1,Jeff,21/10/22,Cloudy,Fresh,0
Ficus,0,5.1,1,Jeff,21/10/22,Cloudy,Fresh,0
Ketapung,23,5.1,1,Jeff,21/10/22,Cloudy,Fresh,0
Mango,0,5.1,1,Jeff,21/10/22,Cloudy,Fresh,0
Miracle,2,5.1,1,Jeff,21/10/22,Cloudy,Fresh,0
Raintree,0,5.1,1,Jeff,21/10/22,Cloudy,Fresh,0
NV,0,5.1,1,Jeff,21/10/22,Cloudy,Fresh,0
Eugenia,17,5.1,2,Wendy,21/10/22,Cloudy,Fresh,0
Ficus,0,5.1,2,Wendy,21/10/22,Cloudy,Fresh,0
Ketapung,0,5.1,2,Wendy,21/10/22,Cloudy,Fresh,0
Mango,2,5.1,2,Wendy,21/10/22,Cloudy,Fresh,0
Miracle,0,5.1,2,Wendy,21/10/22,Cloudy,Fresh,0
Raintree,7,5.1,2,Wendy,21/10/22,Cloudy,Fresh,0
NV,1,5.1,2,Wendy,21/10/22,Cloudy,Fresh,0
Eugenia,0,5.1,3,Kejora,21/10/22,Cloudy,Fresh,0
Ficus,0,5.1,3,Kejora,21/10/22,Cloudy,Fresh,0
Ketapung,0,5.1,3,Kejora,21/10/22,Cloudy,Fresh,0
Mango,5,5.1,3,Kejora,21/10/22,Cloudy,Fresh,0
Miracle,0,5.1,3,Kejora,21/10/22,Cloudy,Fresh,0
Raintree,0,5.1,3,Kejora,21/10/22,Cloudy,Fresh,0
NV,0,5.1,3,Kejora,21/10/22,Cloudy,Fresh,0
Asam.Jawa,0,5.2,1,Wendy,26/10/22,Raining,Fresh,2
Belimbing,0,5.2,1,Wendy,26/10/22,Raining,Fresh,2
Cinnamon,0,5.2,1,Wendy,26/10/22,Raining,Fresh,2
Ficus,0,5.2,1,Wendy,26/10/22,Raining,Fresh,2
Ketapung,14,5.2,1,Wendy,26/10/22,Raining,Fresh,2
Mango,2,5.2,1,Wendy,26/10/22,Raining,Fresh,2
Miracle,24,5.2,1,Wendy,26/10/22,Raining,Fresh,2
Mulberry,0,5.2,1,Wendy,26/10/22,Raining,Fresh,2
Raintree,0,5.2,1,Wendy,26/10/22,Raining,Fresh,2
Saga,0,5.2,1,Wendy,26/10/22,Raining,Fresh,2
NV,0,5.2,1,Wendy,26/10/22,Raining,Fresh,2
Asam.Jawa,0,5.2,2,Kejora,26/10/22,Raining,Fresh,2
Belimbing,0,5.2,2,Kejora,26/10/22,Raining,Fresh,2
Cinnamon,0,5.2,2,Kejora,26/10/22,Raining,Fresh,2
Ficus,0,5.2,2,Kejora,26/10/22,Raining,Fresh,2
Ketapung,9,5.2,2,Kejora,26/10/22,Raining,Fresh,2
Mango,0,5.2,2,Kejora,26/10/22,Raining,Fresh,2
Miracle,5,5.2,2,Kejora,26/10/22,Raining,Fresh,2
Mulberry,0,5.2,2,Kejora,26/10/22,Raining,Fresh,2
Raintree,0,5.2,2,Kejora,26/10/22,Raining,Fresh,2
Saga,0,5.2,2,Kejora,26/10/22,Raining,Fresh,2
NV,0,5.2,2,Kejora,26/10/22,Raining,Fresh,2
Asam.Jawa,0,5.2,3,Wendy,26/10/22,Raining,Fresh,2
Belimbing,0,5.2,3,Wendy,26/10/22,Raining,Fresh,2
Cinnamon,0,5.2,3,Wendy,26/10/22,Raining,Fresh,2
Ficus,0,5.2,3,Wendy,26/10/22,Raining,Fresh,2
Ketapung,0,5.2,3,Wendy,26/10/22,Raining,Fresh,2
Mango,0,5.2,3,Wendy,26/10/22,Raining,Fresh,2
Miracle,6,5.2,3,Wendy,26/10/22,Raining,Fresh,2
Mulberry,0,5.2,3,Wendy,26/10/22,Raining,Fresh,2
Raintree,11,5.2,3,Wendy,26/10/22,Raining,Fresh,2
Saga,0,5.2,3,Wendy,26/10/22,Raining,Fresh,2
NV,0,5.2,3,Wendy,26/10/22,Raining,Fresh,2
Belimbing,0,5.3,1,Anggun,11/8/22,Cloudy,Fresh,1
Cinnamon,0,5.3,1,Anggun,11/8/22,Cloudy,Fresh,1
Eugenia,0,5.3,1,Anggun,11/8/22,Cloudy,Fresh,1
Ficus,8,5.3,1,Anggun,11/8/22,Cloudy,Fresh,1
Ketapung,0,5.3,1,Anggun,11/8/22,Cloudy,Fresh,1
Khaya,0,5.3,1,Anggun,11/8/22,Cloudy,Fresh,1
Mango,0,5.3,1,Anggun,11/8/22,Cloudy,Fresh,1
Miracle,0,5.3,1,Anggun,11/8/22,Cloudy,Fresh,1
Mulberry,0,5.3,1,Anggun,11/8/22,Cloudy,Fresh,1
Raintree,0,5.3,1,Anggun,11/8/22,Cloudy,Fresh,1
Saga,14,5.3,1,Anggun,11/8/22,Cloudy,Fresh,1
NV,0,5.3,1,Anggun,11/8/22,Cloudy,Fresh,1
Belimbing,0,5.3,2,Malaka,11/8/22,Cloudy,Fresh,1
Cinnamon,1,5.3,2,Malaka,11/8/22,Cloudy,Fresh,1
Eugenia,2,5.3,2,Malaka,11/8/22,Cloudy,Fresh,1
Ficus,3,5.3,2,Malaka,11/8/22,Cloudy,Fresh,1
Ketapung,6,5.3,2,Malaka,11/8/22,Cloudy,Fresh,1
Khaya,6,5.3,2,Malaka,11/8/22,Cloudy,Fresh,1
Mango,0,5.3,2,Malaka,11/8/22,Cloudy,Fresh,1
Miracle,11,5.3,2,Malaka,11/8/22,Cloudy,Fresh,1
Mulberry,0,5.3,2,Malaka,11/8/22,Cloudy,Fresh,1
Raintree,0,5.3,2,Malaka,11/8/22,Cloudy,Fresh,1
Saga,13,5.3,2,Malaka,11/8/22,Cloudy,Fresh,1
NV,2,5.3,2,Malaka,11/8/22,Cloudy,Fresh,1
Belimbing,0,5.3,3,Sayang,11/8/22,Cloudy,Fresh,1
Cinnamon,0,5.3,3,Sayang,11/8/22,Cloudy,Fresh,1
Eugenia,0,5.3,3,Sayang,11/8/22,Cloudy,Fresh,1
Ficus,0,5.3,3,Sayang,11/8/22,Cloudy,Fresh,1
Ketapung,0,5.3,3,Sayang,11/8/22,Cloudy,Fresh,1
Khaya,3,5.3,3,Sayang,11/8/22,Cloudy,Fresh,1
Mango,0,5.3,3,Sayang,11/8/22,Cloudy,Fresh,1
Miracle,0,5.3,3,Sayang,11/8/22,Cloudy,Fresh,1
Mulberry,0,5.3,3,Sayang,11/8/22,Cloudy,Fresh,1
Raintree,0,5.3,3,Sayang,11/8/22,Cloudy,Fresh,1
Saga,10,5.3,3,Sayang,11/8/22,Cloudy,Fresh,1
NV,0,5.3,3,Sayang,11/8/22,Cloudy,Fresh,1
Belimbing,0,5.4,1,Sakti,11/9/22,Cloudy,Fresh,1
Eugenia,0,5.4,1,Sakti,11/9/22,Cloudy,Fresh,1
Ficus,0,5.4,1,Sakti,11/9/22,Cloudy,Fresh,1
Ketapung,3,5.4,1,Sakti,11/9/22,Cloudy,Fresh,1
Khaya,0,5.4,1,Sakti,11/9/22,Cloudy,Fresh,1
Mango,0,5.4,1,Sakti,11/9/22,Cloudy,Fresh,1
Miracle,0,5.4,1,Sakti,11/9/22,Cloudy,Fresh,1
Mulberry,0,5.4,1,Sakti,11/9/22,Cloudy,Fresh,1
Raintree,0,5.4,1,Sakti,11/9/22,Cloudy,Fresh,1
Saga,26,5.4,1,Sakti,11/9/22,Cloudy,Fresh,1
NV,0,5.4,1,Sakti,11/9/22,Cloudy,Fresh,1
Belimbing,0,5.4,2,Sayang,11/9/22,Cloudy,Fresh,1
Eugenia,0,5.4,2,Sayang,11/9/22,Cloudy,Fresh,1
Ficus,0,5.4,2,Sayang,11/9/22,Cloudy,Fresh,1
Ketapung,12,5.4,2,Sayang,11/9/22,Cloudy,Fresh,1
Khaya,0,5.4,2,Sayang,11/9/22,Cloudy,Fresh,1
Mango,0,5.4,2,Sayang,11/9/22,Cloudy,Fresh,1
Miracle,0,5.4,2,Sayang,11/9/22,Cloudy,Fresh,1
Mulberry,1,5.4,2,Sayang,11/9/22,Cloudy,Fresh,1
Raintree,0,5.4,2,Sayang,11/9/22,Cloudy,Fresh,1
Saga,0,5.4,2,Sayang,11/9/22,Cloudy,Fresh,1
NV,1,5.4,2,Sayang,11/9/22,Cloudy,Fresh,1
Belimbing,0,5.4,3,Anggun,11/9/22,Cloudy,Fresh,1
Eugenia,0,5.4,3,Anggun,11/9/22,Cloudy,Fresh,1
Ficus,0,5.4,3,Anggun,11/9/22,Cloudy,Fresh,1
Ketapung,2,5.4,3,Anggun,11/9/22,Cloudy,Fresh,1
Khaya,0,5.4,3,Anggun,11/9/22,Cloudy,Fresh,1
Mango,0,5.4,3,Anggun,11/9/22,Cloudy,Fresh,1
Miracle,0,5.4,3,Anggun,11/9/22,Cloudy,Fresh,1
Mulberry,0,5.4,3,Anggun,11/9/22,Cloudy,Fresh,1
Raintree,4,5.4,3,Anggun,11/9/22,Cloudy,Fresh,1
Saga,0,5.4,3,Anggun,11/9/22,Cloudy,Fresh,1
NV,0,5.4,3,Anggun,11/9/22,Cloudy,Fresh,1
Raintree,0,5.5,1,Malaka,11/11/22,Sunny,Fresh,0
Mango,0,5.5,1,Malaka,11/11/22,Sunny,Fresh,0
Ketapung,12,5.5,1,Malaka,11/11/22,Sunny,Fresh,0
Saga,0,5.5,1,Malaka,11/11/22,Sunny,Fresh,0
Miracle,23,5.5,1,Malaka,11/11/22,Sunny,Fresh,0
Eugenia,0,5.5,1,Malaka,11/11/22,Sunny,Fresh,0
Mulberry,0,5.5,1,Malaka,11/11/22,Sunny,Fresh,0
Ficus,0,5.5,1,Malaka,11/11/22,Sunny,Fresh,0
NV,0,5.5,1,Malaka,11/11/22,Sunny,Fresh,0
Raintree,0,5.5,2,Anggun,11/11/22,Sunny,Fresh,0
Mango,0,5.5,2,Anggun,11/11/22,Sunny,Fresh,0
Ketapung,5,5.5,2,Anggun,11/11/22,Sunny,Fresh,0
Saga,0,5.5,2,Anggun,11/11/22,Sunny,Fresh,0
Miracle,8,5.5,2,Anggun,11/11/22,Sunny,Fresh,0
Eugenia,0,5.5,2,Anggun,11/11/22,Sunny,Fresh,0
Mulberry,0,5.5,2,Anggun,11/11/22,Sunny,Fresh,0
Ficus,0,5.5,2,Anggun,11/11/22,Sunny,Fresh,0
NV,0,5.5,2,Anggun,11/11/22,Sunny,Fresh,0
Raintree,0,5.5,3,Sakti,11/11/22,Sunny,Fresh,0
Mango,0,5.5,3,Sakti,11/11/22,Sunny,Fresh,0
Ketapung,17,5.5,3,Sakti,11/11/22,Sunny,Fresh,0
Saga,0,5.5,3,Sakti,11/11/22,Sunny,Fresh,0
Miracle,15,5.5,3,Sakti,11/11/22,Sunny,Fresh,0
Eugenia,0,5.5,3,Sakti,11/11/22,Sunny,Fresh,0
Mulberry,0,5.5,3,Sakti,11/11/22,Sunny,Fresh,0
Ficus,0,5.5,3,Sakti,11/11/22,Sunny,Fresh,0
NV,0,5.5,3,Sakti,11/11/22,Sunny,Fresh,0
Ficus,0,5.6,1,Sayang,18/11/22,Sunny,Fresh,2
Ketapung,0,5.6,1,Sayang,18/11/22,Sunny,Fresh,2
Mango,0,5.6,1,Sayang,18/11/22,Sunny,Fresh,2
Mangosteen,0,5.6,1,Sayang,18/11/22,Sunny,Fresh,2
Miracle,0,5.6,1,Sayang,18/11/22,Sunny,Fresh,2
Mulberry,0,5.6,1,Sayang,18/11/22,Sunny,Fresh,2
Raintree,0,5.6,1,Sayang,18/11/22,Sunny,Fresh,2
Saga,20,5.6,1,Sayang,18/11/22,Sunny,Fresh,2
Starfruit,0,5.6,1,Sayang,18/11/22,Sunny,Fresh,2
Tapioca,0,5.6,1,Sayang,18/11/22,Sunny,Fresh,2
NV,0,5.6,1,Sayang,18/11/22,Sunny,Fresh,2
Ficus,0,5.6,2,Jeff,18/11/22,Sunny,Fresh,2
Ketapung,1,5.6,2,Jeff,18/11/22,Sunny,Fresh,2
Mango,0,5.6,2,Jeff,18/11/22,Sunny,Fresh,2
Mangosteen,0,5.6,2,Jeff,18/11/22,Sunny,Fresh,2
Miracle,0,5.6,2,Jeff,18/11/22,Sunny,Fresh,2
Mulberry,2,5.6,2,Jeff,18/11/22,Sunny,Fresh,2
Raintree,8,5.6,2,Jeff,18/11/22,Sunny,Fresh,2
Saga,0,5.6,2,Jeff,18/11/22,Sunny,Fresh,2
Starfruit,0,5.6,2,Jeff,18/11/22,Sunny,Fresh,2
Tapioca,1,5.6,2,Jeff,18/11/22,Sunny,Fresh,2
NV,0,5.6,2,Jeff,18/11/22,Sunny,Fresh,2
Ficus,0,5.6,3,Wendy,18/11/22,Sunny,Fresh,2
Ketapung,16,5.6,3,Wendy,18/11/22,Sunny,Fresh,2
Mango,0,5.6,3,Wendy,18/11/22,Sunny,Fresh,2
Mangosteen,0,5.6,3,Wendy,18/11/22,Sunny,Fresh,2
Miracle,0,5.6,3,Wendy,18/11/22,Sunny,Fresh,2
Mulberry,0,5.6,3,Wendy,18/11/22,Sunny,Fresh,2
Raintree,0,5.6,3,Wendy,18/11/22,Sunny,Fresh,2
Saga,1,5.6,3,Wendy,18/11/22,Sunny,Fresh,2
Starfruit,2,5.6,3,Wendy,18/11/22,Sunny,Fresh,2
Tapioca,0,5.6,3,Wendy,18/11/22,Sunny,Fresh,2
NV,1,5.6,3,Wendy,18/11/22,Sunny,Fresh,2
Belimbing,0,5.7,1,Kejora,23/11/22,Raining,Fresh,1
Eugenia,0,5.7,1,Kejora,23/11/22,Raining,Fresh,1
Ficus,0,5.7,1,Kejora,23/11/22,Raining,Fresh,1
Ketapung,7,5.7,1,Kejora,23/11/22,Raining,Fresh,1
Mango,0,5.7,1,Kejora,23/11/22,Raining,Fresh,1
Miracle,0,5.7,1,Kejora,23/11/22,Raining,Fresh,1
Mulberry,0,5.7,1,Kejora,23/11/22,Raining,Fresh,1
Raintree,0,5.7,1,Kejora,23/11/22,Raining,Fresh,1
Saga,13,5.7,1,Kejora,23/11/22,Raining,Fresh,1
NV,0,5.7,1,Kejora,23/11/22,Raining,Fresh,1
Belimbing,0,5.7,2,Sakti,23/11/22,Raining,Fresh,1
Eugenia,0,5.7,2,Sakti,23/11/22,Raining,Fresh,1
Ficus,0,5.7,2,Sakti,23/11/22,Raining,Fresh,1
Ketapung,0,5.7,2,Sakti,23/11/22,Raining,Fresh,1
Mango,10,5.7,2,Sakti,23/11/22,Raining,Fresh,1
Miracle,2,5.7,2,Sakti,23/11/22,Raining,Fresh,1
Mulberry,3,5.7,2,Sakti,23/11/22,Raining,Fresh,1
Raintree,0,5.7,2,Sakti,23/11/22,Raining,Fresh,1
Saga,0,5.7,2,Sakti,23/11/22,Raining,Fresh,1
NV,2,5.7,2,Sakti,23/11/22,Raining,Fresh,1
Belimbing,0,5.7,3,Jeff,23/11/22,Raining,Fresh,1
Eugenia,0,5.7,3,Jeff,23/11/22,Raining,Fresh,1
Ficus,1,5.7,3,Jeff,23/11/22,Raining,Fresh,1
Ketapung,3,5.7,3,Jeff,23/11/22,Raining,Fresh,1
Mango,0,5.7,3,Jeff,23/11/22,Raining,Fresh,1
Miracle,0,5.7,3,Jeff,23/11/22,Raining,Fresh,1
Mulberry,0,5.7,3,Jeff,23/11/22,Raining,Fresh,1
Raintree,0,5.7,3,Jeff,23/11/22,Raining,Fresh,1
Saga,0,5.7,3,Jeff,23/11/22,Raining,Fresh,1
NV,0,5.7,3,Jeff,23/11/22,Raining,Fresh,1
Asam.Jawa,0,6.1,1,Anggun,15/11/22,Cloudy,Fresh,1
Eugenia,0,6.1,1,Anggun,15/11/22,Cloudy,Fresh,1
Ficus,1,6.1,1,Anggun,15/11/22,Cloudy,Fresh,1
Ketapung,0,6.1,1,Anggun,15/11/22,Cloudy,Fresh,1
Mango,0,6.1,1,Anggun,15/11/22,Cloudy,Fresh,1
Miracle,0,6.1,1,Anggun,15/11/22,Cloudy,Fresh,1
Mulberry,0,6.1,1,Anggun,15/11/22,Cloudy,Fresh,1
Raintree,0,6.1,1,Anggun,15/11/22,Cloudy,Fresh,1
Saga,5,6.1,1,Anggun,15/11/22,Cloudy,Fresh,1
Starfruit,0,6.1,1,Anggun,15/11/22,Cloudy,Fresh,1
NV,0,6.1,1,Anggun,15/11/22,Cloudy,Fresh,1
Asam.Jawa,0,6.1,2,Sayang,15/11/22,Cloudy,Fresh,1
Eugenia,0,6.1,2,Sayang,15/11/22,Cloudy,Fresh,1
Ficus,4,6.1,2,Sayang,15/11/22,Cloudy,Fresh,1
Ketapung,9,6.1,2,Sayang,15/11/22,Cloudy,Fresh,1
Mango,0,6.1,2,Sayang,15/11/22,Cloudy,Fresh,1
Miracle,14,6.1,2,Sayang,15/11/22,Cloudy,Fresh,1
Mulberry,0,6.1,2,Sayang,15/11/22,Cloudy,Fresh,1
Raintree,0,6.1,2,Sayang,15/11/22,Cloudy,Fresh,1
Saga,3,6.1,2,Sayang,15/11/22,Cloudy,Fresh,1
Starfruit,0,6.1,2,Sayang,15/11/22,Cloudy,Fresh,1
NV,0,6.1,2,Sayang,15/11/22,Cloudy,Fresh,1
Asam.Jawa,0,6.1,3,Malaka,15/11/22,Cloudy,Fresh,1
Eugenia,4,6.1,3,Malaka,15/11/22,Cloudy,Fresh,1
Ficus,1,6.1,3,Malaka,15/11/22,Cloudy,Fresh,1
Ketapung,25,6.1,3,Malaka,15/11/22,Cloudy,Fresh,1
Mango,0,6.1,3,Malaka,15/11/22,Cloudy,Fresh,1
Miracle,0,6.1,3,Malaka,15/11/22,Cloudy,Fresh,1
Mulberry,2,6.1,3,Malaka,15/11/22,Cloudy,Fresh,1
Raintree,0,6.1,3,Malaka,15/11/22,Cloudy,Fresh,1
Saga,0,6.1,3,Malaka,15/11/22,Cloudy,Fresh,1
Starfruit,9,6.1,3,Malaka,15/11/22,Cloudy,Fresh,1
NV,0,6.1,3,Malaka,15/11/22,Cloudy,Fresh,1
Asam.Jawa,0,6.2,1,Kejora,16/11/22,Cloudy,Fresh,1
Eugenia,9,6.2,1,Kejora,16/11/22,Cloudy,Fresh,1
Ficus,0,6.2,1,Kejora,16/11/22,Cloudy,Fresh,1
Ketapung,5,6.2,1,Kejora,16/11/22,Cloudy,Fresh,1
Mango,0,6.2,1,Kejora,16/11/22,Cloudy,Fresh,1
Miracle,2,6.2,1,Kejora,16/11/22,Cloudy,Fresh,1
Mulberry,0,6.2,1,Kejora,16/11/22,Cloudy,Fresh,1
Raintree,0,6.2,1,Kejora,16/11/22,Cloudy,Fresh,1
Saga,0,6.2,1,Kejora,16/11/22,Cloudy,Fresh,1
NV,2,6.2,1,Kejora,16/11/22,Cloudy,Fresh,1
Asam.Jawa,0,6.2,2,Wendy,16/11/22,Cloudy,Fresh,1
Eugenia,0,6.2,2,Wendy,16/11/22,Cloudy,Fresh,1
Ficus,1,6.2,2,Wendy,16/11/22,Cloudy,Fresh,1
Ketapung,3,6.2,2,Wendy,16/11/22,Cloudy,Fresh,1
Mango,13,6.2,2,Wendy,16/11/22,Cloudy,Fresh,1
Miracle,4,6.2,2,Wendy,16/11/22,Cloudy,Fresh,1
Mulberry,2,6.2,2,Wendy,16/11/22,Cloudy,Fresh,1
Raintree,0,6.2,2,Wendy,16/11/22,Cloudy,Fresh,1
Saga,0,6.2,2,Wendy,16/11/22,Cloudy,Fresh,1
NV,3,6.2,2,Wendy,16/11/22,Cloudy,Fresh,1
Asam.Jawa,0,6.2,3,Sayang,16/11/22,Cloudy,Fresh,1
Eugenia,0,6.2,3,Sayang,16/11/22,Cloudy,Fresh,1
Ficus,2,6.2,3,Sayang,16/11/22,Cloudy,Fresh,1
Ketapung,8,6.2,3,Sayang,16/11/22,Cloudy,Fresh,1
Mango,0,6.2,3,Sayang,16/11/22,Cloudy,Fresh,1
Miracle,0,6.2,3,Sayang,16/11/22,Cloudy,Fresh,1
Mulberry,7,6.2,3,Sayang,16/11/22,Cloudy,Fresh,1
Raintree,1,6.2,3,Sayang,16/11/22,Cloudy,Fresh,1
Saga,0,6.2,3,Sayang,16/11/22,Cloudy,Fresh,1
NV,0,6.2,3,Sayang,16/11/22,Cloudy,Fresh,1
Belimbing,0,6.3,1,Malaka,22/11/22,Cloudy,Fresh,1
Eugenia,32,6.3,1,Malaka,22/11/22,Cloudy,Fresh,1
Ketapung,0,6.3,1,Malaka,22/11/22,Cloudy,Fresh,1
Mango,0,6.3,1,Malaka,22/11/22,Cloudy,Fresh,1
Miracle,12,6.3,1,Malaka,22/11/22,Cloudy,Fresh,1
Mulberry,0,6.3,1,Malaka,22/11/22,Cloudy,Fresh,1
Raintree,0,6.3,1,Malaka,22/11/22,Cloudy,Fresh,1
Saga,0,6.3,1,Malaka,22/11/22,Cloudy,Fresh,1
NV,0,6.3,1,Malaka,22/11/22,Cloudy,Fresh,1
Belimbing,0,6.3,2,Anggun,22/11/22,Cloudy,Fresh,1
Eugenia,1,6.3,2,Anggun,22/11/22,Cloudy,Fresh,1
Ketapung,0,6.3,2,Anggun,22/11/22,Cloudy,Fresh,1
Mango,0,6.3,2,Anggun,22/11/22,Cloudy,Fresh,1
Miracle,6,6.3,2,Anggun,22/11/22,Cloudy,Fresh,1
Mulberry,0,6.3,2,Anggun,22/11/22,Cloudy,Fresh,1
Raintree,0,6.3,2,Anggun,22/11/22,Cloudy,Fresh,1
Saga,6,6.3,2,Anggun,22/11/22,Cloudy,Fresh,1
NV,1,6.3,2,Anggun,22/11/22,Cloudy,Fresh,1
Belimbing,0,6.3,3,Kejora,22/11/22,Cloudy,Fresh,1
Eugenia,33,6.3,3,Kejora,22/11/22,Cloudy,Fresh,1
Ketapung,0,6.3,3,Kejora,22/11/22,Cloudy,Fresh,1
Mango,0,6.3,3,Kejora,22/11/22,Cloudy,Fresh,1
Miracle,0,6.3,3,Kejora,22/11/22,Cloudy,Fresh,1
Mulberry,0,6.3,3,Kejora,22/11/22,Cloudy,Fresh,1
Raintree,4,6.3,3,Kejora,22/11/22,Cloudy,Fresh,1
Saga,0,6.3,3,Kejora,22/11/22,Cloudy,Fresh,1
NV,0,6.3,3,Kejora,22/11/22,Cloudy,Fresh,1
Belimbing,3,6.4,1,Wendy,29/11/22,Sunny,Fresh,1
Eugenia,0,6.4,1,Wendy,29/11/22,Sunny,Fresh,1
Ficus,9,6.4,1,Wendy,29/11/22,Sunny,Fresh,1
Ketapung,5,6.4,1,Wendy,29/11/22,Sunny,Fresh,1
Mango,7,6.4,1,Wendy,29/11/22,Sunny,Fresh,1
Miracle,0,6.4,1,Wendy,29/11/22,Sunny,Fresh,1
Mulberry,0,6.4,1,Wendy,29/11/22,Sunny,Fresh,1
Raintree,2,6.4,1,Wendy,29/11/22,Sunny,Fresh,1
Saga,14,6.4,1,Wendy,29/11/22,Sunny,Fresh,1
NV,2,6.4,1,Wendy,29/11/22,Sunny,Fresh,1
Belimbing,7,6.4,2,Sakti,29/11/22,Sunny,Fresh,1
Eugenia,0,6.4,2,Sakti,29/11/22,Sunny,Fresh,1
Ficus,0,6.4,2,Sakti,29/11/22,Sunny,Fresh,1
Ketapung,6,6.4,2,Sakti,29/11/22,Sunny,Fresh,1
Mango,0,6.4,2,Sakti,29/11/22,Sunny,Fresh,1
Miracle,10,6.4,2,Sakti,29/11/22,Sunny,Fresh,1
Mulberry,0,6.4,2,Sakti,29/11/22,Sunny,Fresh,1
Raintree,11,6.4,2,Sakti,29/11/22,Sunny,Fresh,1
Saga,0,6.4,2,Sakti,29/11/22,Sunny,Fresh,1
NV,2,6.4,2,Sakti,29/11/22,Sunny,Fresh,1
Belimbing,0,6.4,3,Anggun,29/11/22,Sunny,Fresh,1
Eugenia,0,6.4,3,Anggun,29/11/22,Sunny,Fresh,1
Ficus,6,6.4,3,Anggun,29/11/22,Sunny,Fresh,1
Ketapung,0,6.4,3,Anggun,29/11/22,Sunny,Fresh,1
Mango,0,6.4,3,Anggun,29/11/22,Sunny,Fresh,1
Miracle,0,6.4,3,Anggun,29/11/22,Sunny,Fresh,1
Mulberry,0,6.4,3,Anggun,29/11/22,Sunny,Fresh,1
Raintree,2,6.4,3,Anggun,29/11/22,Sunny,Fresh,1
Saga,8,6.4,3,Anggun,29/11/22,Sunny,Fresh,1
NV,1,6.4,3,Anggun,29/11/22,Sunny,Fresh,1
Eugenia,,6.5,1,,30/11/22,,Fresh,2
Ficus,,6.5,1,,30/11/22,,Fresh,2
Ketapung,,6.5,1,,30/11/22,,Fresh,2
Mango,,6.5,1,,30/11/22,,Fresh,2
Mangosteen,,6.5,1,,30/11/22,,Fresh,2
Miracle,,6.5,1,,30/11/22,,Fresh,2
Mulberry,,6.5,1,,30/11/22,,Fresh,2
Saga,,6.5,1,,30/11/22,,Fresh,2
Tapioca,,6.5,1,,30/11/22,,Fresh,2
NV,,6.5,1,,30/11/22,,Fresh,2
Eugenia,,6.5,2,,30/11/22,,Fresh,2
Ficus,,6.5,2,,30/11/22,,Fresh,2
Ketapung,,6.5,2,,30/11/22,,Fresh,2
Mango,,6.5,2,,30/11/22,,Fresh,2
Mangosteen,,6.5,2,,30/11/22,,Fresh,2
Miracle,,6.5,2,,30/11/22,,Fresh,2
Mulberry,,6.5,2,,30/11/22,,Fresh,2
Saga,,6.5,2,,30/11/22,,Fresh,2
Tapioca,,6.5,2,,30/11/22,,Fresh,2
NV,,6.5,2,,30/11/22,,Fresh,2
Eugenia,,6.5,3,,30/11/22,,Fresh,2
Ficus,,6.5,3,,30/11/22,,Fresh,2
Ketapung,,6.5,3,,30/11/22,,Fresh,2
Mango,,6.5,3,,30/11/22,,Fresh,2
Mangosteen,,6.5,3,,30/11/22,,Fresh,2
Miracle,,6.5,3,,30/11/22,,Fresh,2
Mulberry,,6.5,3,,30/11/22,,Fresh,2
Saga,,6.5,3,,30/11/22,,Fresh,2
Tapioca,,6.5,3,,30/11/22,,Fresh,2
NV,,6.5,3,,30/11/22,,Fresh,2